,Annual_Income,Annual_Spend,Purchases_12M,Avg_Order_Value,Website_Visits_3M,App_Sessions_3M,Email_Click_Rate_Pct,Loyalty_Points,Satisfaction_Score,Support_Contacts_12M,Days_Since_Last_Purchase,Return_Rate_Pct
Annual_Income,1.0,0.8581425443347079,0.8395185856506231,0.87272837352737,0.3847218746289584,0.18610055414086984,0.22983332208580148,0.8414081424192354,0.44924167476800414,-0.2774369024928851,-0.7372709752573819,-0.1810624309419503
Annual_Spend,0.8581425443347079,1.0,0.9023892787617551,0.8463473413082646,0.5949649781527018,0.4119432317888826,0.4818334748804737,0.8571725233646974,0.5100084825201986,-0.31536050357593237,-0.713776581654238,-0.19141477882507565
Purchases_12M,0.8395185856506231,0.9023892787617551,1.0,0.839715456768593,0.644217424047909,0.46062583810935476,0.5264987448321957,0.8372356444423185,0.48032369241388534,-0.30061003360207017,-0.703797631743492,-0.14453449344439884
Avg_Order_Value,0.87272837352737,0.8463473413082646,0.839715456768593,1.0,0.42351762076067045,0.22939534775516288,0.2840627190789396,0.8141971617438576,0.4482599553346379,-0.26056102021246774,-0.6978586418332093,-0.17289663309392797
Website_Visits_3M,0.3847218746289584,0.5949649781527018,0.644217424047909,0.42351762076067045,1.0,0.8053868580802027,0.8534710081890636,0.43248737160770856,0.33995958921341835,-0.17545512927529316,-0.4261041989508399,-0.12305226089501502
App_Sessions_3M,0.18610055414086984,0.4119432317888826,0.46062583810935476,0.22939534775516288,0.8053868580802027,1.0,0.8366129927387894,0.2789857590959422,0.3007231454644235,-0.19413237608355718,-0.263020525880011,-0.10899419319060118
Email_Click_Rate_Pct,0.22983332208580148,0.4818334748804737,0.5264987448321957,0.2840627190789396,0.8534710081890636,0.8366129927387894,1.0,0.332951371114742,0.27017782863782475,-0.12735472220486044,-0.30313183516716025,-0.06716414863584239
Loyalty_Points,0.8414081424192354,0.8571725233646974,0.8372356444423185,0.8141971617438576,0.43248737160770856,0.2789857590959422,0.332951371114742,1.0,0.6010521975332318,-0.3682160584063217,-0.7444108224466786,-0.2520917952338701
Satisfaction_Score,0.44924167476800414,0.5100084825201986,0.48032369241388534,0.4482599553346379,0.33995958921341835,0.3007231454644235,0.27017782863782475,0.6010521975332318,1.0,-0.6802502968526979,-0.6351411879002905,-0.5747607676582747
Support_Contacts_12M,-0.2774369024928851,-0.31536050357593237,-0.30061003360207017,-0.26056102021246774,-0.17545512927529316,-0.19413237608355718,-0.12735472220486044,-0.3682160584063217,-0.6802502968526979,1.0,0.43028806299289823,0.4820891082395783
Days_Since_Last_Purchase,-0.7372709752573819,-0.713776581654238,-0.703797631743492,-0.6978586418332093,-0.4261041989508399,-0.263020525880011,-0.30313183516716025,-0.7444108224466786,-0.6351411879002905,0.43028806299289823,1.0,0.36184334529316
Return_Rate_Pct,-0.1810624309419503,-0.19141477882507565,-0.14453449344439884,-0.17289663309392797,-0.12305226089501502,-0.10899419319060118,-0.06716414863584239,-0.2520917952338701,-0.5747607676582747,0.4820891082395783,0.36184334529316,1.0
