Principal Component,Explained Variance Ratio,Cumulative Explained Variance
PC1,0.5444009479108645,0.5444009479108645
PC2,0.16708912116224037,0.7114900690731049
PC3,0.13249885846147486,0.8439889275345798
PC4,0.043516149734288155,0.887505077268868
PC5,0.026864052383541212,0.9143691296524091
PC6,0.02173666528210672,0.9361057949345158
PC7,0.014473145122125278,0.9505789400566411
PC8,0.013822046318675627,0.9644009863753168
PC9,0.011125675305690882,0.9755266616810077
PC10,0.008999421448638807,0.9845260831296465
PC11,0.00784356587021026,0.9923696489998568
PC12,0.007630351000143334,1.0000000000000002
