Customer_ID,Customer_Segment,PC1,PC2,PC3
C0001,Growth,0.39218048924968485,-2.1156346242901183,-0.379209074587649
C0002,Growth,-0.12234336636478088,-0.937790915645196,1.1442390364767072
C0003,Growth,1.6097812594220602,0.9140659330091431,0.3081719957532287
C0004,Growth,0.7152056206268498,-0.2136072765031526,0.5398021465684313
C0005,High Value,4.530652867942095,1.151591979007969,-2.49540046493002
C0006,Standard,-0.6280704190780899,2.290478282718614,2.1950357793466804
C0007,Growth,1.8871823525835265,0.5805644447313776,0.3145086777498521
C0008,Growth,-0.3007137377665887,-2.080566438952403,-0.4247405693494947
C0009,Standard,-3.2023709470079886,1.3268920456999054,0.2847732225206795
C0010,Standard,-1.605241379054584,0.39335916253782155,1.3777388616146649
C0011,Standard,-1.425526347124765,2.1389838427243446,1.2169459798896278
C0012,Growth,-0.039438827982643164,-1.0632804524370056,-2.216446853560319e-05
C0013,Standard,-1.2269200802210514,2.9876441798886137,-0.028039641004650707
C0014,Growth,0.8275757428959284,0.49624968047772283,0.451521462605931
C0015,High Value,2.5322619744806576,-0.3695259257755925,-0.38705660240502876
C0016,High Value,3.568328408543047,0.37105769744886574,1.218348249029691
C0017,Standard,-2.648935207880695,1.6455903898911615,0.04582498448616364
C0018,Standard,-5.404684448918893,-0.467282526985967,-0.7124352835179323
C0019,High Value,4.173028711044762,0.5642095290463012,-0.9448155717047441
C0020,Standard,-2.3115338847684535,-1.6967752190225918,0.7167765502580784
C0021,Standard,-1.6310281958862483,-2.2968726576133167,0.6507151058940879
C0022,Standard,-1.7664825863044753,-0.3424720778461756,2.2030935180989126
C0023,Standard,-0.8403623078325002,1.539283554031385,0.41767093462699206
C0024,High Value,3.3326803120875246,-1.6335224816283953,-0.7094604179058568
C0025,Standard,-0.9731008798359309,1.3797272272619476,0.11231397623372719
C0026,High Value,0.6379065492385267,-3.1686462775159923,1.0294813914711571
C0027,Standard,-0.2356595995191878,0.4518653711575755,-0.4723084675812707
C0028,Standard,-4.760695078210942,-2.081567680208051,-0.17407062412124677
C0029,High Value,2.0434762640607533,-2.598746894136115,0.6646131275207485
C0030,High Value,3.435400590732413,1.3053287624407548,2.2624267116250336
C0031,Standard,-0.5487387146837409,0.39106407283284206,-0.2040979961117136
C0032,Growth,0.34365116303033977,0.3414316838890308,1.403266936575471
C0033,High Value,3.4073326934010115,-0.9062126832407515,-2.286320397409912
C0034,Standard,-0.27155546834606326,-0.2677875315650401,-0.2277749934497094
C0035,Growth,-1.298767698710932,-3.312689401173056,-0.9126789381295636
C0036,Standard,-1.2645587951964894,0.3693490679156313,0.14273562427215303
C0037,Growth,3.310968933187258,2.3130559472066907,1.936045921151631
C0038,Standard,-0.8574014714463891,0.11094482197231903,1.1091876842903499
C0039,High Value,6.778964752505749,-0.5164011108102378,0.9651642683889701
C0040,Growth,0.4767261352574839,-0.32312698084479585,0.8530183822959198
C0041,High Value,0.7599701134027026,-2.3365256784721873,0.975586842311282
C0042,Standard,-2.0048532868285673,-0.28613298700272394,-1.3385830634280507
C0043,Growth,3.3966870072755695,1.364428858572782,-0.7760937008525294
C0044,Growth,0.009903261022072295,-0.3174428702355866,1.050172162200464
C0045,High Value,5.995988424927012,-1.364935422718088,-0.9965733651191354
C0046,Growth,-0.8160002257976489,-0.2581516420512683,0.43766359733521637
C0047,Standard,-2.788420807647334,-0.5971119630711914,1.4059989597820164
C0048,Standard,-1.6745721015103996,2.2805074191637855,0.3524440982981241
C0049,Standard,-1.7998969852473725,0.2662058793532537,-2.8417623010118076
C0050,Standard,-3.8577625334347245,-0.29252248602408,0.21240725084242354
C0051,Standard,-0.3886633523643521,0.22692976818388202,0.27563172560621274
C0052,Growth,-1.4263791749086987,-0.9902693020676987,0.4975573143666122
C0053,Standard,-2.856315057405993,-1.0141249873262492,-0.669609615375083
C0054,Standard,-2.8199243528158897,-1.0122551435070686,-0.8154536193259005
C0055,Growth,1.730466230171756,0.37273852222243503,-1.4313715427992308
C0056,Standard,-0.5797202308938495,0.6064098592420553,-1.166368300840396
C0057,Standard,-1.4240257054692411,0.15004396597538586,-1.537163469819086
C0058,Growth,2.493300255850892,-0.7365895512477844,-1.5158822454420111
C0059,Growth,-0.008858278406292754,1.9392537913390728,1.1446808366448913
C0060,High Value,4.198627895887084,0.17526327474212788,1.0171548008715028
C0061,Growth,-1.1651081801062921,-0.14628825119203906,1.8904438472396836
C0062,Standard,-1.6355626860185175,-0.26929210677435533,-1.6837713928486595
C0063,Standard,-1.4394263971283487,1.4348063722864686,-0.020594085537961434
C0064,Standard,-2.621948819941313,0.3855561293675165,0.36942503407719857
C0065,Standard,-2.017102199285584,1.7094680257020458,-0.4684947910722196
C0066,Growth,-0.6487472196788463,-3.4189817449328754,0.11642608719005945
C0067,High Value,3.4067972458156044,-1.021271967729932,0.27287060594876517
C0068,Standard,-2.4638776461399647,0.2908230374553927,-1.9273121764829484
C0069,Growth,0.22546570359810186,-1.0195190531242557,1.2686291014091893
C0070,Growth,1.9024629532136397,1.485981390541224,0.8027158850054253
C0071,High Value,2.1837464192338576,-1.0467711064361644,0.660633109016738
C0072,Standard,-3.0647334510316537,0.8902408853917363,1.2246160172113203
C0073,Standard,-2.7518144720745963,-1.0808567882254823,-1.0851509905190333
C0074,Growth,2.559610328196943,3.0213615489475854,1.2411742046566148
C0075,High Value,4.757379630500827,0.5090353061147724,-0.715077215246269
C0076,High Value,5.749594328819384,2.0238781023128936,-0.5790846386276622
C0077,High Value,2.009937547563941,0.2327559301634175,0.22929953059660035
C0078,Standard,-0.5293713674986776,0.4339931649973735,-1.3134867935530068
C0079,High Value,3.1420778957465836,0.5984910614643324,-1.5618126752705155
C0080,High Value,3.1332378370956135,-0.04863875647334199,1.0197736467669087
C0081,Standard,-2.3182912601826926,0.95103510841667,0.38318283999517183
C0082,Standard,-2.14335207583625,1.0252309935790362,0.33497918837757973
C0083,Standard,-3.3817374176959727,0.5182966468758459,-2.9431836209286457
C0084,High Value,4.470798009268337,-1.10666884741035,-0.7123789558413717
C0085,Standard,-0.12483610027631006,0.996338216022135,-1.0906520385394507
C0086,Standard,0.13461355487810267,-0.4757201902055081,-1.571259633792475
C0087,Growth,-0.8114959205428363,-2.297869033253046,1.4616850216728043
C0088,Growth,1.607564336132296,0.5623311535878812,2.0318779029249834
C0089,Standard,-1.590123181480293,-1.3223950097184607,0.35303450195426045
C0090,Standard,-2.355724966340334,0.7780954251329528,-1.4542074642252327
C0091,Standard,-2.785784922614194,1.8442148773941935,-2.1428729641285273
C0092,Standard,-4.883741363535789,-1.4753634140275869,0.19671359297568383
C0093,High Value,4.064845090951619,1.1007861512874486,-0.07747559287481386
C0094,Growth,0.07727930097902024,-0.23200648670146914,-2.1492398958067693
C0095,Standard,-3.1742071789166415,0.8371461043395849,-0.7213869715900502
C0096,High Value,3.0459199889358164,-0.7429717184630094,-1.7171566371376714
C0097,Growth,2.196451194246568,1.0569463164419108,0.7593641006181899
C0098,Growth,0.8668238400034544,-0.9909750487213607,-0.8130214902251302
C0099,Growth,-0.7772343980798468,-3.436171252101837,-0.8594758112223038
C0100,Standard,-5.181446678065848,0.34113726140275724,-0.1698287475068121
C0101,Standard,-4.358352513378224,1.143982824945344,-0.37513493241439805
C0102,Standard,-3.9113354353490744,-0.9340246307874813,-1.459588635009448
C0103,High Value,4.914966458471193,0.6501162265716464,-0.0243028126480841
C0104,Growth,-0.3954795741244932,-1.1330960938876642,1.6529993702642811
C0105,Growth,1.3225228334539771,-0.0925117650627777,3.064878623209757
C0106,Growth,1.3449242299341064,-0.5770406639501237,0.6180808740872323
C0107,Growth,1.922592984013019,-0.8418029377538916,-1.5437363234561026
C0108,Standard,-3.4386872166646563,-0.16816688664585638,1.936935619978876
C0109,High Value,3.5424123360630584,-0.5020557527441819,1.1122781386167144
C0110,Standard,0.098150580487143,0.6817542551923442,0.3972906521425412
C0111,Standard,-4.47627748853479,-2.1974201588604534,0.892986759306958
C0112,Growth,1.1891654576457864,-0.1977587547902698,-1.5073878348678624
C0113,Standard,-2.1131399571203198,2.2206610985715933,-0.7716826262321261
C0114,Growth,1.7273341933893813,0.7706582941092757,-0.02356862747892126
C0115,High Value,3.7634617016224396,1.6102958960592035,0.8219828487685703
C0116,Standard,-4.5509057795819645,-0.05396373075075875,0.6251921302735007
C0117,Growth,1.6589729013943728,0.31785285362177423,-1.7110594265725563
C0118,Growth,-0.41279927249837084,-0.8261786783368978,2.3802230337145396
C0119,High Value,2.5612405728197474,-2.039091276765717,2.188180330660765
C0120,Growth,1.5270863012009899,-1.1072548206171429,-0.8716850109790168
C0121,Standard,0.12315828075427827,2.367598089785218,-1.0941049187391778
C0122,High Value,3.3962205251461697,0.7123221128421587,1.317539512159944
C0123,High Value,4.607137457894751,2.003326835830538,-1.4953369597008577
C0124,Standard,-3.2031161778873813,2.025059019408098,0.27578646368091153
C0125,Growth,0.708988237618746,0.35979901355759664,1.0404012236265159
C0126,Standard,-0.8705554485127299,0.8363677761023833,0.29593531084283703
C0127,Growth,3.2323726251989804,1.0050619258854352,-1.725682751023996
C0128,Growth,0.9317426100416641,-0.25813162438607035,1.5087107926464987
C0129,Standard,-0.4516872434250467,-0.2250817667281585,-1.2957103731515032
C0130,Standard,-1.1173840475357786,2.732990649051556,-1.583292449523085
C0131,Standard,-2.222210677711012,-0.22760975286528642,-0.40599077443828513
C0132,High Value,3.204398052399407,-0.7725692911193452,-1.7175099192857908
C0133,Growth,0.348816316368817,-0.8731213564437695,-1.4103233741460448
C0134,Growth,-0.6292984236143535,-2.0140255243904712,1.6756587142178514
C0135,Standard,-2.028070671246153,-0.521167802545281,2.3226513938177353
C0136,Growth,0.9665671883136904,-0.20995106606858277,1.480977109766849
C0137,Growth,0.2982032477586504,0.39710918827744085,0.7492002062835695
C0138,Standard,-2.49326766801043,1.5128433391113856,-0.2723434774122879
C0139,Growth,-0.24328616151006655,-2.267214998355123,1.2727733550843943
C0140,Standard,-3.397388622314701,-2.068193109873709,-0.1309184016940783
C0141,Growth,0.254444694420946,-0.7210177514967427,-0.8664430286876756
C0142,Growth,1.0090696761939921,1.1861035397873503,-0.8514301982718121
C0143,Standard,-2.329406139164071,2.928939880751563,1.6608659323641086
C0144,High Value,4.033198498233749,0.22522791359485608,1.0493260318198752
C0145,Standard,-0.4909734320009854,1.758443691724969,0.1024261504206089
C0146,High Value,4.873591052063138,0.2634862194515704,-0.5601572139573933
C0147,Standard,-1.076328003380645,0.10864314217836837,1.9372513069767325
C0148,Growth,0.26366773760467815,-2.5158446964436285,-0.49431011522447693
C0149,Standard,-2.812125549735272,0.06905522221583645,0.3671448179428402
C0150,Standard,0.1925754176335299,2.3226582565750387,-0.5381841927080766
C0151,High Value,2.3921160097845116,-2.128825523888358,0.2252961649285298
C0152,Standard,0.10195794429490058,1.8970638867418845,-0.3357093737623622
C0153,Growth,1.8163087512500702,-1.074185296135928,-1.7063556502137294
C0154,Standard,-2.0203111948102097,1.149239456159996,0.7253415676780687
C0155,Standard,-3.8691727542098406,2.0075436393061072,-0.8450524142179445
C0156,Standard,-3.70534481444692,-2.299973383758005,-0.7254481941855245
C0157,Standard,-1.5148111133817221,-2.4334036645286496,-2.37136024647577
C0158,Growth,-0.5997497185954697,-2.5565051648044217,-1.0158465614246153
C0159,Standard,-1.9882653117444138,0.6564349414139345,-3.01271479616296
C0160,Growth,2.2862691879370884,1.1323167214864724,0.9011312138628632
C0161,Growth,2.0652370981652775,0.537915616232669,-0.389465690453609
C0162,Standard,-2.3111851499155835,-0.000526039004622337,-1.2705873982347173
C0163,Growth,0.5412039248080078,-0.138372853112028,1.9097323931940366
C0164,Standard,-2.0944755489994815,-1.5661586727559627,1.1102687641198967
C0165,Standard,-2.4813122947264397,2.6012116369426104,1.1904456251092803
C0166,Standard,-1.0213798343578089,-0.4994055130910715,0.3596772681324749
C0167,Standard,-1.9548263486228776,-0.20812960352220175,-1.4998292949239294
C0168,Growth,0.816957904711594,-2.650344978342865,-0.1388618645448003
C0169,Standard,-2.175773057917217,-0.8461596242353593,1.1269988234972077
C0170,Standard,-3.7458526061474795,-0.5853687069429103,0.47503316669135814
C0171,Standard,-2.8077800940656603,-0.5020561562369036,-1.1560191948765368
C0172,High Value,0.8500877504214281,-1.3105995094278247,1.937926024882554
C0173,Growth,0.22294760913654796,2.048995643524301,0.5537068829547347
C0174,Growth,2.707090845029641,1.410109523104853,0.8022506229841785
C0175,High Value,2.1815957359182674,-1.6363695054499592,-1.0733738108374695
C0176,High Value,4.743649107788231,-0.6419056000842243,0.6251150811431393
C0177,Standard,-4.2608211164817655,1.734977833247005,0.8111795659097342
C0178,Growth,-0.9859523786780816,1.3822287496708063,4.122301108570233
C0179,High Value,2.5681833458458643,-2.6306938641221795,1.205981401968311
C0180,Standard,0.10816976305999385,0.213983133294915,-3.763831436383646
C0181,Standard,-5.723489969548694,-0.20966066024901608,-0.9073078856513452
C0182,High Value,4.036579728621264,0.010590671747745547,-1.7764086432995918
C0183,Growth,0.6307397935883136,0.8718066657231921,1.804455952801555
C0184,Standard,0.7477146000517172,1.26848528437045,-0.9153743919308647
C0185,Standard,-2.33946126227935,0.850357836462668,-1.200528584327664
C0186,Growth,0.2925211859733056,2.298094177800662,1.2249284223874706
C0187,Growth,0.876046448811791,-0.02471134692395627,-1.2982862179162973
C0188,Standard,-3.5522645209813453,-0.9140114166055396,-2.1710558364293977
C0189,High Value,2.1271059568085313,-2.992983993348088,2.78320258246163
C0190,Growth,1.176507299359332,0.35079195217866777,-0.4095699647021979
C0191,Growth,0.9971998705247174,-0.7869889924111944,-1.2282138301766663
C0192,Growth,1.7245059287870217,-0.6571986390315977,0.4568368959323247
C0193,Growth,0.15980835679274982,-0.7203995238029511,0.02004774255805656
C0194,Standard,0.03586189329544334,1.9299259234496469,-1.0626238777762722
C0195,Growth,0.2774459485579044,-1.1531551698514717,-1.4201134061143157
C0196,High Value,1.1769955819539741,-1.225716896379616,1.5454400617983082
C0197,Growth,2.3697648089106513,-0.07235397328229355,0.6248617494347265
C0198,Standard,-5.548341442121181,1.205809129529359,1.7294417091326035
C0199,Growth,0.768949863523785,-1.4000180903045152,-1.113658968470232
C0200,Standard,-3.426606460613005,-1.915524340848577,0.07613411468951159
C0201,Growth,0.8821661050243603,0.6027591042806275,-1.3109838990378133
C0202,Standard,-6.823644522896045,2.3752072369464026,0.8430537587145327
C0203,Standard,-0.4201372227051811,0.5672178799004005,-0.7545642978958622
C0204,Growth,1.2089498021398097,-1.128219321819766,-0.5324705787480271
C0205,Standard,-1.6570549530179008,-0.9801796051538163,0.6620330724707936
C0206,Standard,-2.5239322145651926,-0.1476353173347926,-0.4915528642999347
C0207,Standard,-1.0627976198838995,-0.5064558452216068,-1.8293030639629018
C0208,Growth,1.3770820327803488,0.5942023382765381,-0.2633851518721186
C0209,High Value,3.3016431035967835,-1.2249528595663493,-0.4572488410322627
C0210,High Value,1.826417352162008,-2.0397253051697786,1.3150528521301432
C0211,Standard,-0.738328306770902,-1.1747474344591626,-1.4241117562602206
C0212,Standard,-3.3818568957391695,0.19218774196883814,1.1101789775386828
C0213,High Value,2.7661162416402014,-1.2822364193454503,1.3484727704896409
C0214,Growth,0.17552482736455197,-0.406773702529491,-1.041458474123019
C0215,High Value,5.777168989977785,-1.1302659453026456,1.1922986365953643
C0216,Standard,0.6117469156018126,1.7426492531792337,-1.98626688949538
C0217,Growth,1.1503574139621464,-0.556339069712467,-0.7968640347260659
C0218,Growth,-1.0766261572385023,-0.7263080201225259,1.302121317305124
C0219,Standard,-1.9172990308243394,0.038674091361437436,2.4677610548234035
C0220,Growth,1.0165566945035318,-0.8357899588632901,0.8556009047479448
C0221,Standard,0.2547493384895182,2.823470988285049,-0.09341498210928295
C0222,High Value,3.7674938508432256,0.05581810097252674,0.06430297715315035
C0223,Standard,-3.397373203344554,0.3357072536731899,-0.7094889104238751
C0224,Standard,2.597593452005759,4.5019345021836275,0.34126161492532064
C0225,High Value,3.5583487635662308,-0.5227823031448193,-1.2460800298579862
C0226,Growth,1.5298298971575683,-1.218452879057245,-0.8149919942043182
C0227,Standard,-4.819038597793768,-0.22336607765731994,2.1789778523591474
C0228,Growth,1.097395225247976,-0.6894468962065695,0.38000173664889153
C0229,Growth,1.514616858257928,2.3040426404170664,0.12300905184727379
C0230,Standard,-2.8321063042941126,0.9330287391460174,-0.49608543525152793
C0231,Standard,-0.8601750890149192,2.6781579832279747,-0.5844416843456406
C0232,Standard,-4.8293001232054165,-2.0018422481732063,-0.11499495276120672
C0233,High Value,2.8005225829303737,0.08747028300979337,-0.9106420320380239
C0234,Growth,1.1159353621931147,0.6299095340055991,0.766863846892943
C0235,Standard,-1.516913848127029,0.033409117067245794,-2.2692111888113162
C0236,High Value,3.0637461790528446,0.3872708097384647,0.35546353056756874
C0237,Growth,1.7620747288855845,3.404453630093929,1.1407796088081767
C0238,Growth,0.6238980195067626,0.9217236942341271,-0.3536506148410326
C0239,Growth,-1.4988730916843125,-2.345661335177827,1.3406293579130417
C0240,Growth,1.4606077516438858,-0.45248872988979577,-1.189926265188336
