,PC1,PC2,PC3,PC4,PC5,PC6,PC7,PC8,PC9,PC10,PC11,PC12
Annual_Income,0.32975353869115553,-0.1896444786602117,0.2841985137021473,-0.048969725592973266,0.12721079276041317,-0.12469377121147836,0.16868966781979264,-0.008850835493272634,-0.31436987947764256,-0.4490850124369548,0.6206636206205175,0.16166627059280197
Annual_Spend,0.3609805289150696,-0.016013602089441484,0.18740074798449063,-0.004122514143655265,0.18795511082687832,0.07902612468737143,-0.13804117853797718,0.13072332978440357,-0.1189737919629828,-0.4109393581239931,-0.46873445060920516,-0.5948499595829686
Purchases_12M,0.36072110312432704,0.036617077425069144,0.19644146882072644,0.04059450432048561,0.16835092298295107,-0.005315851699408257,-0.1238276104072684,0.023776927042700798,-0.12970447072096303,0.06003235809090014,-0.48106260559692005,0.7295101341271539
Avg_Order_Value,0.329955202842498,-0.14424465611127057,0.2755976101832778,-0.06355478520435155,0.22232828568117277,-0.03467476332973969,0.16740557542882578,-0.568702074094742,0.5520612343348552,0.2562734582474572,0.04136386990710453,-0.12685521927794258
Website_Visits_3M,0.2726073859851247,0.44512042556476694,-0.0843006109779984,-0.08146225900426257,-0.011570677362872747,-0.16207254101210955,-0.40106667136888585,-0.32907352756174263,-0.464298401770589,0.37151376772029276,0.17833287629016298,-0.1812925160895466
App_Sessions_3M,0.2125775675148148,0.508029278524246,-0.2166431838193161,0.04242207957019598,0.037804140266831744,0.041290136591527034,0.7896917496178593,0.047226899120502215,-0.094441622982655,0.02084631527169797,-0.09334997032804587,-0.030621140292635678
Email_Click_Rate_Pct,0.2282376690883722,0.5204691814094355,-0.12990408647542073,-0.028519516211793536,-0.04160938709126383,0.02503651297616802,-0.3344758670659763,0.225465351995492,0.5708278577868036,-0.31599194624422755,0.23109779046919024,0.1231361944011498
Loyalty_Points,0.3463399990091597,-0.157445694852738,0.14637362169181334,0.02795175349721863,-0.020533341397319126,0.3924503245962379,0.0027635674989804696,0.579818324073335,0.023090783807412463,0.5309754900102908,0.21836877328468418,-0.11074313772146781
Satisfaction_Score,0.26943077272512417,-0.20458596553205163,-0.40488300673435573,0.1380059029490388,-0.36286885625600646,0.6219967792570273,-0.05202377389233795,-0.36745108909255886,-0.06939142271439676,-0.18807564328164617,0.00736275129491247,0.07780333928758562
Support_Contacts_12M,-0.18682633220670788,0.23365948282376003,0.48350074705464063,-0.6483499844610607,-0.33672687816606156,0.34963208376368954,0.06061523628913968,-0.0822151281527858,-0.04944652525309838,-0.05664236761221081,-0.05633314645474931,0.0384790101988845
Days_Since_Last_Purchase,-0.3226471055446899,0.1808909786440493,0.010028221058152056,0.07376517511690979,0.7340619424497895,0.5256884109742389,-0.08000352132896137,-0.1010250356832376,-0.08430021820458611,-0.0323720164373844,0.12703880248554444,0.03924588170849749
Return_Rate_Pct,-0.13718418028563406,0.24607769303120416,0.5286056312357083,0.7328184071678051,-0.28826492184104147,0.09427818689097837,-6.794961080471874e-05,-0.09652105464860268,-0.013618030948858986,-0.017315996284161486,0.030952417483518464,-0.03787916942498725
