Annual_Income,Annual_Spend,Purchases_12M,Avg_Order_Value,Website_Visits_3M,App_Sessions_3M,Email_Click_Rate_Pct,Loyalty_Points,Satisfaction_Score,Support_Contacts_12M,Days_Since_Last_Purchase,Return_Rate_Pct
0.11503188631837886,0.026808255341292667,0.1767508627044389,0.620014715636584,-0.70311432611797,-1.0062664135969028,-1.004194749467951,0.550289140852382,0.7354017425987062,-0.5264173082150778,-0.24681830322124923,-1.051901752353488
0.8878780377937322,0.21969062274232531,0.1767508627044389,0.30842902345130135,-0.2012632085913893,-0.54257885021145,-1.1201300610985188,-0.38934279291381435,-0.6041329907735168,0.5769901500523343,-0.5226571519900494,-0.01959471687709808
0.5056300804919548,0.923591259913054,0.9594115093661612,-0.04513453263705073,0.9906331955342399,0.9257651005091508,0.3104288734858066,0.32985124289150497,0.040200172114388116,0.025286420918628226,-0.4536974397978494,0.18932456411217125
0.13063855629251472,0.6761700030845437,0.1767508627044389,0.7579419827466686,-0.1385318189005667,0.0756712343024872,0.004028407033592129,0.35694416889786973,-0.061536643078439084,0.5769901500523343,-0.24681830322124923,-0.4087580834257373
0.3842625691403591,0.8187802843661999,1.1159436386985055,1.0585334724811473,2.4334551584231594,1.930421487844299,1.7285661675382857,1.1832784120919952,2.2614539704911136,-2.181528495616196,-0.9364154251432496,-1.1625060775831013
-0.12319944276895908,0.08766353752308391,-0.29284552529259444,0.45235312826182467,0.23785651924436882,0.8484838399449087,0.9667055482516986,-0.12949700258004315,-0.824562757024642,2.2321013374534524,0.5117385308929512,2.0368264410957106
0.5692469230614625,0.28039351909168453,0.9594115093661612,-0.06662320106362228,0.5515134676984818,1.1576088822018773,0.3476937950813461,1.031804325783683,0.19280539490362855,0.5769901500523343,-1.48809312268085,-0.12200612912673996
0.145590680201432,-0.27643193190712495,-0.13631339596025,-0.27526317939137757,-0.8913084951904378,-0.9289851530326608,-1.372703418579398,0.8963396957518592,0.8710508295224758,-1.62982476648249,0.44277881870075114,0.4514977794712547
-1.0147853722545073,-0.736119034022041,-0.9189740426219722,-1.3284578005308851,-0.7658457158087926,-0.07889128682599711,0.3145694203297554,-1.7366001134121352,-1.9436677241457405,0.5769901500523343,1.0634162284305515,0.7464426467502235
0.08166566276036957,-0.1836365792475486,-0.13631339596025,-0.2652684498906466,-0.5776515467363248,-0.31073506851872357,-0.39553436340747117,-0.6233271538778737,-0.5532645831771035,0.5769901500523343,1.2702953650071516,1.6968205524268996
-0.1444361638120272,-0.499067633090541,-0.13631339596025,-0.5386243017356339,0.6142448573893043,0.9257651005091508,0.1530880934157506,-0.9287383197678039,-1.5028081916434899,1.1286938791860404,0.7186176674695514,1.4633225324977166
0.21338394335418415,-0.2913809820687221,0.020218733372094455,0.5635444939574552,-0.6403829364271474,-0.54257885021145,-0.3479180747020594,0.5404371677591584,-0.09544891480938149,-1.078121037348784,0.5806982430851513,0.029562761002730427
-1.1371260217216337,-0.6703416894526903,0.1767508627044389,-1.2195152489729195,1.3670215336791753,0.7712025793806666,1.3290033970972224,-1.1861211168282693,-1.2484661536614217,1.1286938791860404,0.23589968212415102,0.5621021047008677
0.5132129185286711,0.33540480459970157,0.33328299203678335,0.9540885491985109,0.30058790893519144,0.15295249486672935,0.7286241047246397,0.1931551162230282,0.040200172114388116,-0.5264173082150778,0.8565370918539514,0.5702950176808389
0.8123252786145133,0.8947446218336418,0.8028793800338166,0.749446462671048,0.9279018058434173,0.5393587976879402,-0.029095967717998647,0.8076719379128473,0.9897437805807746,-1.078121037348784,-0.7984960007588495,-0.27767147574619555
1.2814486003059136,1.1048999233408625,0.9594115093661612,1.997788177312324,1.5552157027516431,0.5393587976879402,0.699640276816998,1.2510107271079072,0.7184456067332354,-0.5264173082150778,-1.48809312268085,1.1806670346887045
-1.6596030946615248,-0.733094175248262,-0.9189740426219722,-0.8259727748816443,-0.013069039518921521,-0.0016100262617549533,0.4284344585383487,-1.2316864923844282,-1.2145538819304793,0.025286420918628226,1.1323759406227516,1.479708358457659
-1.8851345806969872,-2.233530797125242,-2.4842953359454167,-1.9873603428665632,-1.6440851714803089,-1.3153914558538715,-1.1139192408325955,-1.8178788914312294,-1.1128170667376527,1.6803976083197465,0.8565370918539514,-0.5603269735552069
1.1921386544310046,1.532357421896372,1.27247576803085,1.0615318913313667,1.5552157027516431,1.3894526638946039,1.2606843741720661,1.1093886138928186,1.6340769434686795,-1.078121037348784,-0.7984960007588495,-0.9249116011639322
0.07509632940686649,-0.6143627539087286,-0.9189740426219722,-0.4601656751548974,-1.2676968333353733,-1.2381101952896294,-1.90269341460485,-0.638105113517709,-0.6380452625044591,-0.5264173082150778,0.44277881870075114,1.0987379048889914
0.04845786712928626,-0.2732242101344275,-0.13631339596025,-0.23503439315093574,-1.1422340539537281,-1.8563602798035665,-1.9254664222465685,-0.2538781628819905,-0.43457163211880473,0.025286420918628226,0.30485939431635106,-0.232610454356353
0.45021155760404374,-0.9999598642951183,-0.7624419132896277,1.089517133933413,-1.016771274572083,-0.6971413713399344,-0.5715076042752969,-0.7772642334594917,-1.3671591047197205,2.7838050665871585,-0.24681830322124923,0.03365921749271601
-0.41426887275632757,0.009855331483212576,-0.13631339596025,-0.4789057929687677,0.17512512955354625,1.0803276216376352,0.08890961733454344,-0.8092831460124683,-0.4515277679842763,0.025286420918628226,0.5117385308929512,1.6476630745470717
1.0654379816050459,1.2099013811782562,1.27247576803085,0.9408455326100427,-0.1385318189005667,-0.38801632908296574,0.6665159020654072,1.368002907589937,1.2610419544283138,-1.62982476648249,-1.41913341048865,-1.2198564684429007
-0.5664004832223086,-0.4007254361304331,-0.7624419132896277,-1.156798321355834,0.6769762470801269,0.3847962765594558,0.31663969375172973,-0.485399530572744,-0.7397820776972863,-0.5264173082150778,-0.6605765763744494,1.9508008548060118
1.1896376634311447,0.4654356354140815,0.1767508627044389,0.8064164208252136,-1.8322793405527766,-1.7790790192393244,-1.0456002179074395,1.2017508616417893,0.3114983459619273,-0.5264173082150778,-0.7295362885666495,-0.22032108488639623
-0.4575370587717837,0.4348213216784562,-0.4493776546249389,-0.4339295102154788,0.23785651924436882,0.3847962765594558,0.0682068831147993,0.2768968875154284,0.0062879003834457195,1.1286938791860404,0.5117385308929512,-1.3099785112225855
-1.1438837323909883,-1.5518632529063685,-1.858166818616039,-1.1088236197523258,-2.3968618477701797,-1.7790790192393244,-2.2442885292306296,-1.4705968398950993,-0.9432557080829408,-0.5264173082150778,1.5461342137759517,0.5784879306608108
1.7564246402621715,1.286970515930832,0.6463472507014723,1.1962108713537145,-1.016771274572083,-1.2381101952896294,-0.42658846473708756,0.9616090174944653,0.7184456067332354,-1.078121037348784,-0.6605765763744494,-0.498880126205422
1.9031935739139783,1.7553969455357334,1.7420721560278833,1.2594275354458369,0.9906331955342399,1.2348901427661194,1.1447490625414987,1.2916501161174543,-0.4854400397152187,0.025286420918628226,-0.7295362885666495,1.5370587493174588
0.054305810853880976,-0.45414428968953413,-0.6059097839572833,-0.47390842821840184,-0.3894573776638571,0.9257651005091508,-0.145031279348566,-0.23786870660550224,0.26062993836551335,1.1286938791860404,-0.3157780154134493,-0.26128564978625285
0.24557432786001993,0.4585401764965252,0.6463472507014723,-0.1395847264189568,-0.2012632085913893,0.30751501599521364,-0.13053936539474498,0.5170387316627525,-0.2819664093295643,1.6803976083197465,-0.5916168641822495,0.36956864967154146
0.7644001796456557,1.2223589229795873,0.8028793800338166,0.3634000357053205,1.116095974915885,0.462077537123698,0.44913719275809283,0.6463458785113116,1.9392873890471602,-2.181528495616196,-1.2122542739120499,-1.8548072243906806
0.05324152242422903,-0.8358860385153897,0.33328299203678335,-0.5221329980594281,-0.2639945982822119,-0.23345380795448142,-0.029095967717998647,-0.07654264720396657,0.34541061769286974,0.025286420918628226,-0.4536974397978494,0.11149189080244364
0.08224859072163483,-1.1156816654441164,-1.0755061719543166,-0.3439769447089018,-1.455891002407841,-1.547235237546598,-2.113861303646241,0.5884655365886232,0.3114983459619273,0.025286420918628226,-0.6605765763744494,-2.116980439749763
-0.47574194674751014,-0.3290202826794704,-0.4493776546249389,0.5150700558789102,-0.07580042920974411,-0.31073506851872357,0.026801414675311018,-0.8092831460124683,-0.38370322452239153,0.5769901500523343,1.4082147893915518,-0.2162246283964103
1.650798788159435,1.2128729049106841,1.4290078973631946,1.5062973541138873,2.496186548113982,1.544015185023088,1.246192460218245,1.21037133809836,-1.2484661536614217,0.5769901500523343,-0.38473772760564934,0.5539091917208966
-0.05135953971830775,-0.008537638491351524,0.4898151213691278,-0.18556048212231854,-0.2012632085913893,-0.46529758964720785,-0.49076694081829436,-0.9004138971247861,-0.38370322452239153,0.5769901500523343,0.029020545547550916,1.1274131003188912
2.0212883549394816,2.6772245616677233,2.5247328026896056,3.356321784699158,1.4924843130608205,0.8484838399449087,1.2524032804841687,2.1450772853179445,2.2614539704911136,0.025286420918628226,-2.4535290933716505,-0.8429824713642187
0.5852043047204105,-0.03826811439886994,0.33328299203678335,1.0490384794554533,0.23785651924436882,-0.6198601107756921,0.039223055207157284,0.174682666673234,-0.0445805072129675,0.5769901500523343,0.23589968212415102,-0.17935651998653926
1.2719798188651028,0.4517818648281581,0.4898151213691278,1.004312064939683,-1.0795026642629055,-1.1608289347253873,-1.1222003345204932,0.4148245108205581,0.6675771991368215,-0.5264173082150778,-0.24681830322124923,0.2548678679519421
-0.4897643374523837,-0.9173896009917414,-1.0755061719543166,-0.6115858270909683,-0.3267259879730345,-0.38801632908296574,-0.4617831129106527,-1.189815606738228,0.4471474328856969,0.025286420918628226,1.4771745015837519,-0.9290080576539178
0.592199874304712,1.0295375099115278,1.27247576803085,0.5295624136549701,1.6806784821332883,1.6985777061515723,1.2544735539061427,0.19684960613298702,1.5153839924103807,-1.078121037348784,-1.48809312268085,0.4924623443711113
0.3795448893108762,-0.16744558455162942,0.1767508627044389,0.13427086190106727,-0.5149201570455022,-0.46529758964720785,0.05578524258295267,0.8236813941893355,0.20976153076910012,0.5769901500523343,0.16693996993195098,0.8488540589998654
1.8750888937263792,1.6159334316938019,2.5247328026896056,1.8838482610039928,1.6179470924424657,0.6166400582521823,0.4222236382724256,1.7743967976854083,2.2614539704911136,-1.62982476648249,-2.4535290933716505,-1.9940867450501936
0.4376158863397358,0.06759432339176595,0.020218733372094455,-0.7620065060769672,-0.07580042920974411,-0.54257885021145,-0.5570156903214759,0.023208580364921905,-0.4515277679842763,0.5769901500523343,0.9254968040461514,-0.310443127666081
-0.8491613450529044,-0.5695003648406949,-0.9189740426219722,-0.46866119523051797,-1.2049654436445507,-1.3926727164181136,-0.9731406481383348,-0.4361396651066262,-0.7736943494282288,1.1286938791860404,0.6496579552773513,1.3854898591879883
-1.0851429975778897,-0.515243389203217,-0.4493776546249389,-1.2195152489729195,0.04966235017190107,0.6166400582521823,1.244122186796271,-0.4213617054667909,-1.2484661536614217,0.5769901500523343,0.6496579552773513,1.4223579675978593
-1.1566239420105466,-1.3292656481810607,-1.3885704306190056,-1.6203039019522245,0.04966235017190107,0.2302337554309715,0.17586110105746913,-1.03587852715661,0.7354017425987062,-0.5264173082150778,0.44277881870075114,-1.4533544883720844
-1.1095382940298404,-1.6127794894211327,-0.9189740426219722,-1.887413047859255,-1.455891002407841,-1.1608289347253873,-0.7350592046112765,-0.7821902200061035,-1.3671591047197205,1.1286938791860404,0.8565370918539514,0.127877716762386
-0.17666474463997173,0.16721656134430402,0.33328299203678335,-0.20579980936129846,-0.3267259879730345,-0.0016100262617549533,0.0930501641784922,-0.019893801917931137,-0.7397820776972863,-0.5264173082150778,0.6496579552773513,0.41872612755136923
0.2179054329837473,-0.1259204452138602,-0.9189740426219722,-0.33723050229590823,-0.1385318189005667,-0.8517038924684186,-1.5134820112736587,0.0675424592844279,-0.3158786810605067,0.5769901500523343,0.9254968040461514,-0.16297069402659656
-0.9120997688558757,-1.0264445219718314,-1.2320383012866611,-0.8906886483988763,-1.330428223026196,-0.6971413713399344,-1.2898924817004211,-1.1430187345454161,0.19280539490362855,0.025286420918628226,0.8565370918539514,0.1196848037824148
-1.0666915697049195,-1.069676382632841,-1.54510255995135,-0.6288267354797297,-0.70311432611797,-1.1608289347253873,-1.0932165066128512,-1.1073053320824808,-1.0280363874102965,-0.5264173082150778,0.44277881870075114,-0.5521340605752357
-0.16575231584311562,0.9284904644257489,0.020218733372094455,0.4471058952739408,0.9279018058434173,0.6939213188164244,0.8176458618695398,0.42713947718708756,0.6336649274058798,-0.5264173082150778,-0.1778585910290492,-1.7032383342612103
-0.8711359495912454,-0.46475796291843535,-0.29284552529259444,-0.7057861526353564,0.30058790893519144,0.3847962765594558,0.24418012398262506,-0.07900564047727246,0.32845448182739817,0.025286420918628226,0.44277881870075114,-0.5890021689851067
-0.8143944450012214,-0.46010257573763214,-0.6059097839572833,-0.7530112495263098,-0.45218876735467967,0.462077537123698,-0.2216313959616198,-0.8203666157423448,0.0571563079798597,0.025286420918628226,1.1323759406227516,-1.4001005540022706
0.11697338800917606,0.8899597066952715,0.33328299203678335,0.5265639948047508,0.8024390264617721,-0.23345380795448142,0.7513971123663585,0.44438043010022876,1.6510330793341503,-1.078121037348784,-1.62601254706525,-1.2690139463227288
0.08372913225244412,0.5201726264237205,-0.13631339596025,0.12727455125055567,0.4260506883168366,1.003046361073393,0.9170189861243121,0.014588103908351295,-0.1463173224057947,1.6803976083197465,0.8565370918539514,0.9553619277394929
1.831215209195685,1.538109987070687,1.8986042853602279,1.9628066240597668,1.2415587542975302,0.30751501599521364,1.2979492957676055,1.010868882960583,1.0406121881771886,0.5769901500523343,-1.2122542739120499,-0.6791242117647915
-0.24924556952969998,0.15021030244487255,-0.6059097839572833,-0.10310396374128918,-0.5149201570455022,-1.1608289347253873,-0.21749084911767105,1.0428877955135596,-0.29892254519503514,1.1286938791860404,0.8565370918539514,1.7582673997766847
-1.0205343527809125,-0.5760910520933864,-0.6059097839572833,-1.269239028239055,-0.013069039518921521,-0.6198601107756921,-0.2547557707132106,-0.9201178433112333,-0.0445805072129675,0.5769901500523343,0.3738191065085511,-2.1784272870995487
-0.924493173232656,-0.518321583018347,-0.13631339596025,-0.18705969154742821,0.04966235017190107,0.9257651005091508,0.03508250836320853,-0.44599163819984977,-0.7567382135627572,0.5769901500523343,1.753013350352552,0.16884228166224333
-0.821292353534678,-1.2979732174911123,-0.7624419132896277,-0.7177798280362331,-0.5149201570455022,-0.15617254739023925,-0.7309186577673273,-0.4595381012030322,-0.8923873004865268,0.5769901500523343,1.2702953650071516,0.8242753200599512
-1.1518424569611785,-1.3211434833124256,-0.29284552529259444,-0.4856522353817605,0.36331929862601403,0.8484838399449087,0.1530880934157506,-1.0334155338833042,-1.8927993165493273,-1.078121037348784,1.3392550771993517,0.8037930376100225
0.06599475351723302,-0.0653470768220684,-0.29284552529259444,0.5270637312797876,-1.8950107302435992,-1.547235237546598,-2.2442885292306296,0.241183485052493,0.7184456067332354,-1.078121037348784,-0.5226571519900494,0.03365921749271601
0.8354357896864596,1.3840250526068878,1.4290078973631946,1.4598218619354888,0.36331929862601403,-0.07889128682599711,0.4056614508966302,1.5785888324575903,1.1084367316390733,0.025286420918628226,-1.41913341048865,-1.1747954470530582
-1.3548355086580883,-1.186746798398864,-1.2320383012866611,-1.5813244568993745,-0.07580042920974411,-0.0016100262617549533,-0.43279928500301074,-1.05681396997971,0.37932288942381215,0.025286420918628226,1.0634162284305515,-0.7938249934843905
0.3455727331885138,0.4375185509125058,0.33328299203678335,0.9156088406206969,-0.70311432611797,-0.6198601107756921,-0.6688104551080949,0.5416686643958114,0.22671766663457094,0.5769901500523343,0.23589968212415102,0.41872612755136923
0.8489169211450946,1.2485921440327874,1.1159436386985055,0.655496005364178,0.6769762470801269,1.003046361073393,1.4470089821497638,-0.2846655787983141,-0.9262995722174692,0.025286420918628226,-0.5916168641822495,0.09510606484250056
0.5715578005490114,0.6205034584970684,1.4290078973631946,0.9618344645615774,0.23785651924436882,-0.38801632908296574,-0.20713948200779878,1.845823602611279,0.24367380250004253,0.025286420918628226,-0.5916168641822495,-0.8184037324243048
-1.091910257327772,-0.69458627539265,-0.9189740426219722,-0.7662542661147781,-0.2639945982822119,-1.0062664135969028,-0.16159346672436137,-0.5137239532157617,-0.994124115679354,2.2321013374534524,1.8219730625447519,0.7013816253603806
-0.5103968621275575,-1.787588897095709,-1.2320383012866611,-1.0151230306829744,-0.2012632085913893,-1.1608289347253873,-1.5155522846956333,-1.2193715260178986,0.34541061769286974,-0.5264173082150778,0.8565370918539514,0.029562761002730427
0.6576922430995576,0.9861608827097073,1.27247576803085,0.6787337514533772,2.182529599659869,1.6212964455873302,2.0639504618981417,0.3606386588078286,-1.0789047950067103,1.1286938791860404,-1.0053751373354496,0.39824384510144056
1.4116030019388646,1.5939593946570811,1.8986042853602279,0.5567980515444616,1.1788273646067076,1.6985777061515723,1.5111874582309712,2.2990143648995627,0.7862701501951201,-1.078121037348784,-1.2812139861042497,-1.441065118902127
1.6649266527992215,2.045410042529038,2.2116685440249166,1.663214607275361,2.2452609893506916,2.6259528329224784,2.438669951275512,1.5785888324575903,1.4306033130830251,-0.5264173082150778,-0.5916168641822495,-1.2198564684429007
0.525303356623274,1.0215982080418111,1.27247576803085,0.25620656180998286,0.6769762470801269,0.7712025793806666,-0.022885147452075146,0.49979777874961123,0.34541061769286974,-1.078121037348784,-0.6605765763744494,0.7259603643002949
-0.766971974907379,-0.801423982510852,-0.9189740426219722,-0.548119294761328,-0.013069039518921521,-0.07889128682599711,1.0288137509109307,-0.5112609599424558,0.8880069653879481,0.025286420918628226,-0.7295362885666495,-0.13019904210671113
0.6721538915086758,0.7489570959457752,0.020218733372094455,0.649749035901258,1.6806784821332883,1.3894526638946039,0.9356514469220819,0.3889630814508463,2.1597171552982872,-1.078121037348784,-1.55705283487305,-0.29815375819612383
1.2890622558297844,1.3190705915326708,1.5855400266955388,0.8491438894408372,0.6769762470801269,-0.07889128682599711,1.0474462117087004,1.696812509576273,0.12498085144174449,-0.5264173082150778,-0.8674557129510496,0.19342102060215685
-0.41144972375527045,-0.6839345057056406,-0.7624419132896277,-1.40141932588622,-0.1385318189005667,-0.8517038924684186,0.542299496746942,-0.8474595417487095,-0.536308447311632,0.5769901500523343,1.2013356528149517,1.2380174255485041
-0.18775643572126752,-1.0847473414603837,-1.2320383012866611,-0.9953834399190313,0.30058790893519144,-0.15617254739023925,-0.04979870193774279,-1.0912958758059925,-0.4515277679842763,0.5769901500523343,0.44277881870075114,1.48790127143763
-1.7512356373500837,-1.7372634759349812,-1.7016346892836944,-2.3849007087581304,-0.45218876735467967,0.0756712343024872,-0.024955420874049523,-1.8141844015212707,0.46410356875116776,0.025286420918628226,1.0634162284305515,-1.3673289020823851
1.4806984124362152,1.4098849283706285,1.4290078973631946,0.7591913239342601,0.5515134676984818,0.7712025793806666,0.4594885598679651,1.7546928514989613,2.091892611836402,-1.078121037348784,-2.4535290933716505,-0.9044293187140039
-0.39139925894313227,-0.14848878699706605,-0.4493776546249389,-0.6660571028699513,0.30058790893519144,0.6166400582521823,0.9749866419395962,0.1771456599465399,0.0571563079798597,-0.5264173082150778,0.6496579552773513,-0.28176793223618113
-0.16903719954442448,0.41889700218929327,-0.6059097839572833,-0.2865072500796994,0.17512512955354625,0.8484838399449087,-0.8302917820220996,-0.5851507581416324,-0.4854400397152187,-1.078121037348784,-0.6605765763744494,-1.6950454212812391
0.4357034659396346,0.5072503078334716,-0.29284552529259444,0.22197461326997978,-1.5186223920986637,-1.6245164981108402,-1.484498183366017,0.20054409604294585,-0.6210891266389883,1.1286938791860404,-0.7295362885666495,-0.4783978437554937
1.2907294384799863,0.9902143458524031,0.8028793800338166,1.1862161418529835,0.7397076367709495,0.15295249486672935,0.266953131624344,0.614326965958335,-0.2480541375986219,0.025286420918628226,0.16693996993195098,1.7418815738167424
-0.2852833653897117,-0.7618493818282147,-0.4493776546249389,-0.02014770888522373,-1.2049654436445507,-1.1608289347253873,-0.8758377973055369,0.09094089538083383,0.24367380250004253,1.1286938791860404,0.7186176674695514,-0.498880126205422
-1.757154765129517,-0.8293105898459411,-1.0755061719543166,-1.4511431051523556,-0.2639945982822119,0.0756712343024872,0.09512043760046694,-0.5432798724954324,0.15889312317268614,-0.5264173082150778,1.4771745015837519,0.38185801914149825
-1.8947596198191494,-1.510848606107247,-1.7016346892836944,-1.0800887724377246,-0.3894573776638571,1.7758589667158147,0.266953131624344,-2.1429940035076065,0.39627902528928294,0.025286420918628226,0.9254968040461514,0.28354306338184193
-1.326991691988524,-1.844825015757236,-1.54510255995135,-0.9941340987314397,-2.4595932374610023,-1.0835476741611452,-2.2442885292306296,-1.1811951302816575,-1.0789047950067103,1.1286938791860404,1.8219730625447519,-0.12200612912673996
1.122011075138501,1.4551663784778512,1.4290078973631946,1.2774180485471522,1.868872651205756,1.3894526638946039,1.2731060147039124,1.0896846677063714,1.5492962641413237,-0.5264173082150778,-0.7984960007588495,0.09920252133248687
0.03015010951333701,-0.2697421938633524,-0.4493776546249389,-0.9114277121128923,0.11239373986272365,0.462077537123698,0.14066645288390398,-0.21816476041905514,0.8880069653879481,-0.5264173082150778,0.16693996993195098,-1.8834824198205802
-1.0482527292562804,-0.907286420301488,-1.2320383012866611,-1.172789888557003,-0.9540398848812603,0.2302337554309715,-0.031166241139973024,-1.3215857468600931,-1.4858520557780184,-1.078121037348784,2.166771623505752,0.697285168870395
0.22687549199157628,0.5275100042553301,0.8028793800338166,0.5393072749181823,-0.2012632085913893,1.6985777061515723,0.12203399208613422,1.8827685017108675,2.2614539704911136,-2.181528495616196,-0.8674557129510496,-0.22032108488639623
0.9469564628181963,0.5233727289047962,1.27247576803085,1.1307453931239277,0.9906331955342399,1.2348901427661194,0.6478834412676375,0.09340388865413972,-0.36674708865691996,0.025286420918628226,-0.8674557129510496,0.18932456411217125
0.22434194730810073,0.06572759694447153,-0.13631339596025,0.6607432383520618,0.11239373986272365,-0.6198601107756921,0.20484492896511117,1.081064191249801,0.37932288942381215,-1.078121037348784,0.5806982430851513,-1.1952777295029868
0.38301641413157805,-0.5050182998470176,-0.6059097839572833,-0.4429247667661362,-1.8322793405527766,-1.4699539769823557,-1.9420286096223642,-0.23294272005889047,0.8371385577915341,-1.078121037348784,-1.3501736982964498,-0.8511753843441898
-1.8947596198191494,-2.222863788854989,-1.54510255995135,-1.9039043515354608,-1.0795026642629055,-1.2381101952896294,-0.8282215086001252,-2.0149183532957005,-1.4010713764506628,1.1286938791860404,1.4082147893915518,0.5948737566207531
-1.8947596198191494,-2.1041171289322125,-1.858166818616039,-1.602313388850909,-0.3894573776638571,-0.38801632908296574,-0.33756670759218715,-1.586357523740476,-0.875431164621056,1.6803976083197465,1.0634162284305515,0.48836588788112567
-1.8947596198191494,-1.7058034208293575,-1.3885704306190056,-1.8621763558699098,-2.020473509625244,-0.38801632908296574,-1.3892656059551935,-1.432420444158858,-0.061536643078439084,-0.5264173082150778,0.44277881870075114,0.3490863672216128
1.5255183240373191,1.390135724487418,1.8986042853602279,1.3861107318675996,1.8061412615149335,1.930421487844299,0.7928025808058469,1.9221763940837617,1.2610419544283138,-0.5264173082150778,-1.55705283487305,-0.5685198865351785
0.38610423953473755,-0.022823810281868456,0.33328299203678335,0.23846591694618552,-0.3267259879730345,-1.4699539769823557,-0.8758377973055369,0.14758974066686925,-0.5871768549080459,0.5769901500523343,-0.6605765763744494,0.8037930376100225
1.1732032617949584,0.7759598654527573,0.8028793800338166,1.697696424052882,0.48878207800765916,-0.23345380795448142,-0.5942806119170154,0.7855049984530943,-1.0110802515448256,1.1286938791860404,-0.8674557129510496,1.5370587493174588
1.020618070003942,0.8116333888251306,0.6463472507014723,0.4715929825507317,-0.5149201570455022,0.15295249486672935,0.11789344524218547,0.5084182552061819,0.0910685797108021,-0.5264173082150778,-0.4536974397978494,0.2753501504018708
0.08589981187589071,0.15325801909351616,0.6463472507014723,0.5980263107349764,0.7397076367709495,-0.0016100262617549533,0.07855825022467156,0.7128466968905706,1.0745244599081303,-1.62982476648249,-0.5226571519900494,-1.3099785112225855
0.21860815850071608,-0.737680988804471,-1.3885704306190056,-0.7177798280362331,-0.45218876735467967,-1.4699539769823557,-1.2981735753883188,-1.2834093511238518,-2.4184395283789333,0.5769901500523343,1.0634162284305515,1.6599524440170286
1.4949617003998399,1.595932791187078,1.5855400266955388,1.0033125919896102,0.36331929862601403,-0.23345380795448142,1.1054138675239844,1.824888159788179,0.5149719763475817,0.5769901500523343,-1.55705283487305,-0.752860428584534
0.15447392938628773,-0.009390999152971653,-0.13631339596025,-0.3077460502687522,0.17512512955354625,0.3847962765594558,0.4160128180065021,0.4800938325631641,0.0571563079798597,1.1286938791860404,-0.039939166644649124,0.050045043452658367
-0.7660326926228082,-1.290559646743287,-1.858166818616039,-0.827471984306754,-2.208667678697712,-2.3200478431890197,-2.2442885292306296,-1.2587794183907928,-0.8584750287555843,0.5769901500523343,0.9254968040461514,0.9717477536994352
-0.23757312073271306,0.30271042425137734,0.33328299203678335,0.05306368470762953,0.6769762470801269,-0.0016100262617549533,0.3953100837867579,0.11064484156728094,1.481471720679439,-1.078121037348784,-0.039939166644649124,-0.687317124744763
-1.4995626752735636,-1.3092802462575803,-0.7624419132896277,-0.7784978097531728,0.6769762470801269,0.9257651005091508,0.6147590665160467,-1.3178912569501342,-1.1297732026031235,0.5769901500523343,0.7875773796617513,0.09510606484250056
0.3891755710715319,0.6392088194281188,0.6463472507014723,0.0055887195791581,0.6142448573893043,0.6939213188164244,1.0163921103790845,0.5182702282994054,0.12498085144174449,-0.5264173082150778,-1.0053751373354496,0.3613757366915696
1.1137624057595805,1.4929047298796805,1.8986042853602279,1.4300875416708148,1.9943354305874013,1.2348901427661194,1.4035332402883014,0.6057064895017644,0.3114983459619273,-0.5264173082150778,-0.8674557129510496,0.7136709948303381
-1.8947596198191494,-2.0780286744198233,-1.0755061719543166,-0.7882426710163858,-1.0795026642629055,-1.0062664135969028,-1.5548874797131471,-1.1861211168282693,-1.3332468329887779,1.1286938791860404,1.684053638160352,1.0250016880692494
0.7824891765077124,-0.05333145393479098,-0.13631339596025,-0.40694374056350535,1.116095974915885,0.5393587976879402,0.9729163685176214,-0.12087652612347255,1.5662524000067946,-0.5264173082150778,-1.0743348495276497,-1.0027442744736599
1.1189866209061123,0.274922867707369,0.4898151213691278,0.4318639327853267,-0.5776515467363248,-0.6971413713399344,-1.2339950993071118,0.16236770030670458,-1.0958609308721812,1.1286938791860404,0.16693996993195098,0.7956001246300514
1.574905734474162,0.9633487235946102,1.5855400266955388,1.6224860845598832,-0.3894573776638571,-1.3926727164181136,-0.4100262773612922,1.3125855589405544,0.5488842480785241,0.5769901500523343,-1.9708111080262503,0.3490863672216128
0.35368250685067726,0.10371738496981425,0.33328299203678335,0.9360980360971956,-0.3267259879730345,0.30751501599521364,-0.15331237303646386,0.2719709009688166,1.532340128275853,-0.5264173082150778,-0.8674557129510496,-0.8552718408341757
-1.0101679577705587,-0.5971736320103787,0.33328299203678335,0.19948647189333535,1.8061412615149335,1.3121714033303618,1.0184623838010591,-1.1491762177286808,-0.5193523114461611,0.025286420918628226,0.16693996993195098,-0.5726163430251641
1.6120981009797182,1.1612369655910393,1.4290078973631946,1.2749193661719698,1.1788273646067076,0.8484838399449087,1.0412353914427777,1.5798203290942432,-0.2819664093295643,0.025286420918628226,-1.0053751373354496,0.15245645570230024
0.5156127760847672,2.161992823631277,1.4290078973631946,0.9428444785101884,2.8725748862589175,1.544015185023088,2.3765617486162793,0.9603775208578124,1.7527698945269783,0.025286420918628226,-0.24681830322124923,-2.1620414611396064
-1.3894287890638248,-1.0427574253336962,-1.3885704306190056,-1.207021837097006,-0.013069039518921521,0.0756712343024872,0.627180707047893,-0.7784957300961447,-1.621501142701788,1.1286938791860404,1.8219730625447519,0.8734327979397789
0.07181839049139532,0.29357489359706795,0.9594115093661612,0.04231935049434375,0.8651704161525947,-0.07889128682599711,-0.3085828796845455,0.7325506430770177,-0.3158786810605067,0.5769901500523343,-0.24681830322124923,0.5088481703310543
-0.6851732489652331,-0.23879263129637626,-0.29284552529259444,-0.41219097355138923,0.30058790893519144,0.0756712343024872,0.008168953877541253,-0.006347338914748753,0.2775860742309849,0.5769901500523343,0.7186176674695514,1.0905449919090202
0.3441412392076846,1.1446421484391751,0.6463472507014723,0.3079292869762646,0.9279018058434173,1.7758589667158147,1.8237987449491087,0.8236813941893355,0.7862701501951201,-1.078121037348784,-1.2812139861042497,-1.5475729876417545
1.0383923812577207,0.4295792490427891,0.33328299203678335,0.933849221959531,-0.2639945982822119,-0.15617254739023925,0.20484492896511117,0.4431489334635758,-0.6889136701008731,0.025286420918628226,-0.6605765763744494,0.81608240707998
-0.5341810174257763,-0.6583413051486561,0.1767508627044389,-0.13508709814362777,0.04966235017190107,-0.07889128682599711,-0.11604745144092433,-0.37456483327397905,0.26062993836551335,-0.5264173082150778,0.7186176674695514,-1.2075670989729437
-1.5137508727403162,-0.6287936922400561,-0.13631339596025,-1.3544440972327854,0.6142448573893043,1.7758589667158147,1.2668951944379896,-0.8055886561025094,-0.061536643078439084,-0.5264173082150778,1.4082147893915518,0.5661985611908533
-0.503874840127575,-1.07511655685067,-0.9189740426219722,-1.2140181477475176,-0.3267259879730345,-0.6198601107756921,-0.7599024856749693,-1.0654344464362806,0.17584925903815773,0.5769901500523343,0.23589968212415102,0.26306078093191326
0.6394942999096689,0.43014307662278833,1.1159436386985055,0.1844943776422393,0.36331929862601403,0.7712025793806666,0.6064779728281489,0.991164936774136,2.2614539704911136,-1.62982476648249,-1.9018513958340502,-0.7487639720945479
-0.6842860525744461,-0.22779799348639457,0.1767508627044389,0.6130184049860724,0.11239373986272365,-0.6198601107756921,0.07855825022467156,-0.2698876191584788,0.14193698730721532,-1.078121037348784,-0.3157780154134493,-1.6458879434014109
0.640459625141132,0.1846037848248156,0.33328299203678335,0.2659514230731951,-0.9540398848812603,-1.7790790192393244,-1.430671074394682,0.29290634379191666,-0.9432557080829408,0.5769901500523343,-0.3157780154134493,-0.06055928177695468
-0.43028051055463384,0.4738854298224457,-0.7624419132896277,-0.21704388004962033,-1.6440851714803089,-1.1608289347253873,-0.5673670574313482,0.2695079076955107,-1.5536765992399033,1.1286938791860404,0.3738191065085511,1.672241813486986
0.5464649871694703,0.573500048483362,0.020218733372094455,1.0115582438277126,0.04966235017190107,-0.23345380795448142,0.10961235155428758,0.6007805029551526,-0.4006593603878623,1.1286938791860404,-1.2122542739120499,0.22619267252204228
-0.1698944465462856,0.25902140609307106,-0.13631339596025,0.294936138625315,0.30058790893519144,-0.0016100262617549533,0.24003957713867632,0.5244277114826701,-0.4515277679842763,0.025286420918628226,-0.4536974397978494,0.9143973628396356
-1.1224911877156833,-0.48550529400407677,-0.4493776546249389,-1.7739728680259603,0.30058790893519144,-0.0016100262617549533,0.004028407033592129,-1.2883353376704636,-0.6041329907735168,0.025286420918628226,1.5461342137759517,1.2421138820384898
0.8361363449578539,0.16042777250945014,0.33328299203678335,1.104259359946991,-1.769547950861954,-1.3153914558538715,-1.0207569368437464,0.3717221285377051,-0.705869805966344,-1.078121037348784,0.44277881870075114,0.4637871489412114
-0.4181913746073752,-0.9742904708219178,-1.7016346892836944,-0.8314698761070461,-1.5186223920986637,-2.3200478431890197,-1.4368818946606052,-1.4151794912457167,-0.38370322452239153,0.5769901500523343,0.5117385308929512,-0.5971950819650783
0.30017206387171913,-0.38160101416019454,-0.4493776546249389,-0.25752253452758017,0.17512512955354625,0.0756712343024872,-0.5508048700555528,0.27073940433216365,0.8201824219260634,0.025286420918628226,-0.5226571519900494,-0.900332862224018
-0.15965262363189828,-0.39866060810097703,0.1767508627044389,0.11503100761216022,0.11239373986272365,1.544015185023088,1.2234194525765265,0.3754166184476639,0.6167087915404089,0.025286420918628226,-0.4536974397978494,-0.20393525892645353
-1.090290820080205,-0.14253050094896802,-0.13631339596025,-0.6108362223784135,0.23785651924436882,0.7712025793806666,0.6685861754873816,-1.2513904385708752,-1.2654222895268932,2.2321013374534524,1.8219730625447519,1.9671866807659542
1.1874895543616706,1.7067553878233812,1.5855400266955388,1.579009011231704,0.8651704161525947,0.6166400582521823,1.2606843741720661,2.0391685745657915,0.2775860742309849,0.025286420918628226,-1.41913341048865,-0.31863604064605217
-0.8605147677504645,0.20074906377100518,-0.29284552529259444,0.2729477337237067,0.4260506883168366,0.8484838399449087,0.9273703532341844,-0.5100294633058029,-1.0280363874102965,0.5769901500523343,0.6496579552773513,0.009080478552801762
1.3100116363588112,1.5880315857754697,1.5855400266955388,1.2501824106576607,1.743409871824111,1.1576088822018773,1.2379113665303476,1.539180940084696,1.0914805957736011,-2.181528495616196,-1.9708111080262503,-0.06875219475692622
0.11322276960761542,-0.23748973242908145,-0.4493776546249389,0.31592507057684904,-0.2012632085913893,-0.31073506851872357,-0.7474808451431227,-0.11964502948681961,-1.2484661536614217,1.1286938791860404,-0.3157780154134493,1.3977792286579458
-0.17710096400041225,0.6645201061951035,-0.4493776546249389,0.34266097199130446,-0.70311432611797,-1.6245164981108402,-1.0621624052832348,0.1574417137600928,0.7693140143296494,-1.078121037348784,-1.1432945617198498,-0.5726163430251641
-0.7135448693584748,-0.6357272476157203,-0.9189740426219722,-0.21454519767443778,-0.5776515467363248,-1.3153914558538715,-0.11190690459697522,-1.980436447469418,-1.2484661536614217,1.1286938791860404,0.9254968040461514,-0.3596006055459091
-0.24668381165375836,-0.19978185819373817,0.33328299203678335,-0.6645578934448417,0.9906331955342399,1.3894526638946039,1.3621277718488132,-0.5555948388619618,-0.4006593603878623,-0.5264173082150778,0.3738191065085511,0.7915036681400657
1.4065780153360563,0.898820942851203,0.1767508627044389,1.1547327439256818,-0.3894573776638571,-0.6971413713399344,-0.3872532697195733,1.296576102664066,2.1427610194328146,-1.078121037348784,-1.0743348495276497,0.5293304527809823
-0.4911984357279023,-0.36258326227265836,0.33328299203678335,-0.09785673075340602,0.6142448573893043,1.0803276216376352,1.2337708196863988,-0.8179036224690389,0.023244036248917296,0.025286420918628226,-0.039939166644649124,0.7505391032402091
0.543106315118634,0.5126828627596789,-0.13631339596025,0.34515965436648705,-0.013069039518921521,0.6939213188164244,-0.11190690459697522,0.3754166184476639,1.0236560523117162,-1.62982476648249,-1.1432945617198498,-1.3837147280423279
-0.44344131376649765,-0.6084349450271169,-0.4493776546249389,-1.3919243328605257,-0.07580042920974411,-0.15617254739023925,0.08062852364664594,-0.6885964756204798,-0.7567382135627572,0.5769901500523343,0.6496579552773513,1.7336886608367705
-1.6927418764833446,-1.7549707096636002,-1.0755061719543166,-1.8871631796217367,0.36331929862601403,0.2302337554309715,-0.1036258109090777,-1.9902884205626417,-0.6041329907735168,0.5769901500523343,2.166771623505752,0.9635548407194641
-1.5834274750024733,-0.8770911676050512,-1.54510255995135,-1.1533001660305777,-1.769547950861954,-2.3200478431890197,-1.745352634534794,-0.8659319912985037,-0.4515277679842763,0.5769901500523343,0.6496579552773513,-1.342750163142471
-1.0819961414951085,-1.0939514457392874,-1.0755061719543166,-0.6395710696930147,-1.0795026642629055,-1.3926727164181136,-1.2174329119313165,-0.6467255899742796,1.3797349054866126,-1.62982476648249,-0.3157780154134493,-1.092866317253345
0.12463261869010804,-1.0552225864266487,-0.7624419132896277,0.33616439781582896,-1.0795026642629055,-1.0062664135969028,-1.4824279099440425,0.19561810949633407,1.3119103620247277,-1.078121037348784,-0.1778585910290492,-0.5152659521653647
-1.8097476282796476,-1.0851206867498426,-1.2320383012866611,-1.585572216937185,-0.1385318189005667,0.462077537123698,0.3953100837867579,-1.1307037681788867,1.0745244599081303,-0.5264173082150778,1.0634162284305515,-1.1952777295029868
1.01721338874693,1.5257438767688158,0.9594115093661612,0.5358091195929269,0.6769762470801269,1.1576088822018773,0.9253000798122096,1.0416562988769067,0.5997526556749366,0.5769901500523343,0.3738191065085511,0.42691904053134044
0.43763975904105357,0.9149509832141492,0.4898151213691278,0.07605156255931005,1.3670215336791753,0.5393587976879402,0.5650725043886605,0.6278734289615174,0.6336649274058798,0.025286420918628226,-0.9364154251432496,-0.6340631903749493
-0.6924322863622585,-0.9130085083093161,-0.9189740426219722,-1.67727386010639,-0.2639945982822119,-0.15617254739023925,-0.6688104551080949,-1.3031132973102988,-0.6380452625044591,-0.5264173082150778,0.44277881870075114,-0.41695099640570843
1.1152438153886197,-0.16192159812596285,0.8028793800338166,1.4778123750368042,0.36331929862601403,-0.6198601107756921,-0.09948526406512895,0.03921803664141018,-1.5197643275089607,0.025286420918628226,0.029020545547550916,0.5825843871507964
-0.6315859792929435,-0.6454875601830018,-0.7624419132896277,-0.13008973339326266,-1.455891002407841,-1.7017977586750823,-1.180167990335777,0.2461094715991048,-0.061536643078439084,1.1286938791860404,0.23589968212415102,0.6481276909905672
-1.281696496606642,-0.8580810350091369,-0.29284552529259444,-1.0391103814847287,0.8024390264617721,0.2302337554309715,0.49882375488547903,-0.6479570866109327,-1.9436677241457405,1.6803976083197465,1.3392550771993517,1.369104033228046
-0.22554779000533956,-0.3778751805572278,0.1767508627044389,-0.33073392812043345,-0.7658457158087926,-0.23345380795448142,-0.7557619388310206,-0.12457101603343139,-0.4006593603878623,0.5769901500523343,0.30485939431635106,-0.16706715051658214
-1.2539446983494293,-0.7351590032777181,-1.0755061719543166,-0.9601520184289554,-0.5149201570455022,0.0756712343024872,-0.6253347132466318,-0.572835791775103,-0.3158786810605067,-0.5264173082150778,0.7186176674695514,-0.8225001889142903
0.8305193153623678,0.29900744852327527,0.020218733372094455,0.7359535778450609,-0.8913084951904378,-0.7744226319041765,-1.6107848621064567,0.07123694919438672,1.532340128275853,-0.5264173082150778,-1.1432945617198498,-0.4046616269357513
-0.4043482461869414,-0.48763107636650566,-0.9189740426219722,0.33766360724093863,-1.330428223026196,-0.8517038924684186,-1.0538813115953372,-0.6491885832475855,-1.0280363874102965,0.025286420918628226,0.5806982430851513,1.2257280560785475
-0.5759022523958487,-1.4863982992935039,-0.9189740426219722,-0.402446112288177,-1.2049654436445507,-1.1608289347253873,-1.2919627551223958,-1.3289747266800107,-0.9432557080829408,1.6803976083197465,2.3046910478901523,-0.6340631903749493
-0.7741207638292283,-1.0441898521585589,-1.2320383012866611,-1.2932263790408092,-1.2676968333353733,-0.38801632908296574,-0.5590859637434503,-1.3105022771302166,-0.7228259418318148,0.025286420918628226,0.7186176674695514,-0.9945513614936886
0.6420938200586037,0.3555502116472359,0.9594115093661612,1.1032598869969181,-0.2639945982822119,-0.9289851530326608,-1.1056381471446977,0.8692467697454945,0.5658403839439949,0.5769901500523343,-0.4536974397978494,1.2421138820384898
-0.44280543181321863,-0.355337315940508,0.33328299203678335,0.221474876794943,0.48878207800765916,1.1576088822018773,1.2896682020797081,0.19192361958637524,-0.2480541375986219,1.1286938791860404,0.16693996993195098,0.7628284727101659
1.083877690151914,1.0605632653947192,0.9594115093661612,0.3766430522937888,1.1788273646067076,1.1576088822018773,1.411814333976199,1.2152973246449719,-0.0445805072129675,0.5769901500523343,-1.0053751373354496,0.1360706297423579
1.0503921030873171,0.7169636904266383,0.6463472507014723,1.283664754485109,0.11239373986272365,-0.0016100262617549533,-0.39139381656352246,0.051533003007939615,0.39627902528928294,-2.181528495616196,-0.7295362885666495,-1.5393800746617834
2.4176741600106864,2.18914035967907,1.8986042853602279,1.6689615767382808,0.8024390264617721,1.003046361073393,0.30214777979790913,2.0773449703020326,1.142349003370015,-1.62982476648249,-0.24681830322124923,-0.06055928177695468
-1.8947596198191494,-0.9026386524123066,-1.2320383012866611,-1.3099675509545332,-0.8913084951904378,0.15295249486672935,-0.3789721760316758,-1.039573017066569,-1.3162906971233064,0.5769901500523343,2.9942881698121524,2.536594132873963
0.2802166558157368,0.29855791031760054,0.8028793800338166,0.3716456875434237,0.11239373986272365,-0.7744226319041765,0.07855825022467156,0.12295980793381037,-1.960623860011212,2.2321013374534524,0.44277881870075114,3.1838342582916996
1.9542759461443742,1.7301542323933425,1.27247576803085,1.4513263418598676,-0.70311432611797,-0.9289851530326608,-1.0311083039536184,0.8963396957518592,0.34541061769286974,-0.5264173082150778,-1.1432945617198498,-0.8388860148742331
-1.1817449685825538,-1.3129756026940607,-1.54510255995135,-1.2684894235265003,0.36331929862601403,1.8531402272800568,0.10961235155428758,0.44068594019026996,1.6171208076032086,-1.078121037348784,-1.2122542739120499,-1.8138426594908237
-1.8947596198191494,-2.233530797125242,-2.3277632066130725,-1.9168974998864108,-1.016771274572083,-1.547235237546598,-1.2422761929950097,-2.5284524507799784,-1.8927993165493273,0.5769901500523343,1.5461342137759517,-0.4497226483255939
0.9730675554212141,1.1564215732861827,0.8028793800338166,0.7874264347738246,0.7397076367709495,1.3894526638946039,1.5567334735144083,1.010868882960583,2.2614539704911136,-0.5264173082150778,-1.7639319714496502,-1.9654115496202937
0.699198623757771,0.4697938702216417,0.33328299203678335,0.24721130525932483,-0.1385318189005667,0.15295249486672935,1.0060407432692122,0.46162138301336997,-0.9771679798138831,1.1286938791860404,-0.7984960007588495,1.012712318599292
-0.6645502733705864,0.18243990600427887,0.33328299203678335,-0.07037122462639576,1.116095974915885,0.15295249486672935,1.4097440605542242,-0.6097806908746913,0.4471474328856969,-0.5264173082150778,-0.4536974397978494,0.06233441292261586
-1.0760318726077296,-1.6296866975294833,-1.0755061719543166,-1.2869796731028524,-0.8285771054996152,0.3847962765594558,0.5650725043886605,-0.8720894744817684,0.29454221009645576,0.5769901500523343,0.7186176674695514,0.045948586962672774
-0.291789327572444,0.3294922343013331,0.4898151213691278,0.42461775389729706,0.9279018058434173,0.7712025793806666,1.3062303894555032,-0.155358431949755,-0.9093434363519983,0.5769901500523343,0.44277881870075114,1.5493481187874154
-0.09067657664113551,-0.25921995213391036,0.1767508627044389,0.275946152573926,0.4260506883168366,-0.0016100262617549533,0.8880351582166701,-0.3043695249847612,-0.3158786810605067,-1.078121037348784,-1.0053751373354496,-1.391907641022299
-1.178128471357487,-1.9169187530809004,-1.54510255995135,-1.2607435081634342,-1.5186223920986637,-0.31073506851872357,-1.0124758431558487,-1.4176424845190227,-0.5532645831771035,-1.078121037348784,1.6150939259681518,-1.2567245768527717
1.9293680376877667,1.8701053808990575,1.4290078973631946,1.7404238926685065,-0.70311432611797,-1.3153914558538715,-2.2442885292306296,1.757155844772267,0.3114983459619273,0.5769901500523343,-0.4536974397978494,0.15655291219228581
0.25902811422441885,0.46251744672300493,0.33328299203678335,0.3716456875434237,0.8024390264617721,0.0756712343024872,0.6954997299730489,-0.1750623781362021,0.39627902528928294,0.025286420918628226,-0.4536974397978494,-0.7282816896446197
0.4376449676304324,0.35625118647642395,0.4898151213691278,0.740701074357908,0.04966235017190107,-0.07889128682599711,0.11168262497626233,-0.6528830731575443,0.3114983459619273,-1.078121037348784,0.09798025773975096,-1.846614311410709
0.49428403662934756,1.3393988615791232,1.27247576803085,0.1230267912127447,-0.07580042920974411,-0.0016100262617549533,-0.34170725443613625,0.39881505454406985,1.0745244599081303,-1.078121037348784,-0.6605765763744494,1.2011493171386332
0.22251243028893913,-0.14005423117194507,-0.29284552529259444,0.058061049457994646,-0.5776515467363248,-0.0016100262617549533,-0.29409096573072446,0.5946230197718879,0.15889312317268614,-0.5264173082150778,-0.4536974397978494,0.3286040847716841
-0.5936131924788569,-0.21090602396128727,-0.13631339596025,-0.6305758131423573,0.8024390264617721,0.8484838399449087,1.6705985117230018,0.07123694919438672,0.17584925903815773,0.025286420918628226,0.9944565162383515,-0.27767147574619555
-0.412672440111849,0.07806323007985659,-0.13631339596025,-0.3882036227496351,-0.3894573776638571,-0.46529758964720785,-0.2299124896495173,-0.06053319092747829,1.244085818562843,-1.62982476648249,-0.5916168641822495,-0.0769451077368974
1.3894178835798132,0.6732289565186028,0.8028793800338166,0.9845724741757399,-1.2049654436445507,-0.07889128682599711,-0.45971283948867836,0.8002829580929296,0.34541061769286974,0.025286420918628226,-0.1778585910290492,0.8119859505899937
1.6568129726950243,0.9982069827634714,0.8028793800338166,1.3283911690008792,0.5515134676984818,0.8484838399449087,0.2276179366068297,0.834764863919212,-0.6041329907735168,1.1286938791860404,-0.38473772760564934,-2.2808386993491903
-1.6216359504859321,-1.2901024892459902,-1.2320383012866611,-1.8501826804690327,-1.016771274572083,-1.1608289347253873,-0.9690001012943859,-1.8880741997204473,-1.9436677241457405,2.7838050665871585,2.5805298966589523,1.5862162271972864
0.00950803575763573,0.12747433624599108,-0.13631339596025,0.749696330908566,-0.9540398848812603,0.3847962765594558,-0.5342426826797574,0.505955261932876,1.2101735468318997,-1.62982476648249,0.09798025773975096,-0.347311236075952
-1.3679785158562425,-0.8202741099827127,-0.9189740426219722,-0.4943976236948998,-2.020473509625244,-1.547235237546598,-1.999996265437648,-1.2686313914840164,-0.5193523114461611,0.025286420918628226,0.7186176674695514,0.23848204199199977
0.12037850331530277,0.654241681797553,-0.13631339596025,0.005838587816676143,0.5515134676984818,0.8484838399449087,0.6747969957533048,-0.13688598239996083,0.3623667535583405,-1.62982476648249,0.7186176674695514,-0.33502186660599487
-1.8947596198191494,-1.9339631084384397,-2.3277632066130725,-2.9048765110336503,-1.0795026642629055,-0.15617254739023925,-0.4100262773612922,-2.7624368117440374,-3.52058835963456,2.7838050665871585,2.3046910478901523,0.8201788635699656
0.14108828873292312,-0.775564106747111,0.020218733372094455,-0.38095744386160546,0.5515134676984818,0.3847962765594558,0.0992609844444157,-0.46446408774964393,-0.4515277679842763,-0.5264173082150778,0.6496579552773513,-0.5152659521653647
-0.3538600871947975,1.0494771960852787,0.6463472507014723,0.09279273447303453,0.17512512955354625,-1.0062664135969028,-0.029095967717998647,1.1340185466258774,0.5149719763475817,-1.078121037348784,-0.039939166644649124,-0.802017906464362
0.10395061241583976,-0.4581596563741221,-0.7624419132896277,-0.30524736789356965,-0.9540398848812603,-0.54257885021145,-1.219503185353291,0.14266375412025747,-1.1297732026031235,1.1286938791860404,0.44277881870075114,-0.8184037324243048
-1.196763067956931,-0.8952936552890751,-1.2320383012866611,-1.4129132648120601,-0.5776515467363248,-0.6971413713399344,-0.5425237763676549,-0.5851507581416324,-0.536308447311632,0.025286420918628226,0.16693996993195098,0.4392084100012979
-0.8277640258373359,-1.4508314460038327,-0.4493776546249389,-1.202524208821677,-0.8285771054996152,-0.38801632908296574,0.4160128180065021,-0.14058047230991966,0.8710508295224758,-1.62982476648249,-0.1778585910290492,0.3040253458317706
0.15855182082045735,0.2734904408825068,0.6463472507014723,0.5672925175202287,0.30058790893519144,0.6939213188164244,0.9356514469220819,-0.15782142522306086,-0.061536643078439084,-1.078121037348784,-0.8674557129510496,0.3449899107316272
1.1209906256694504,1.2002401194020564,0.9594115093661612,1.089767002170931,0.04966235017190107,0.0756712343024872,0.6168293399380211,1.936954353723597,1.193217410966429,-1.078121037348784,-0.7984960007588495,-1.2485316638728006
1.8766267297403512,1.1595531021426637,0.9594115093661612,0.5000779616278141,-0.2012632085913893,-1.3153914558538715,-0.7371294780332508,0.9209696284849181,-0.07849277894390991,-0.5264173082150778,-1.1432945617198498,-0.11381321614676841
-0.35531805817163387,-0.24697575049798454,-0.6059097839572833,-0.4469226585664291,-0.8913084951904378,-0.15617254739023925,-0.6501779943103251,-0.21570176714574923,0.46410356875116776,-1.078121037348784,0.3738191065085511,-0.9290080576539178
-1.0233066244775642,-1.123057139733834,-1.0755061719543166,-1.2974741390786197,-1.2049654436445507,-0.8517038924684186,-0.6025617056049134,-0.6651980395240739,-1.5197643275089607,0.5769901500523343,0.5117385308929512,1.9180292028861263
1.7612139381956078,1.1476593879213324,0.9594115093661612,1.5360316743785616,0.17512512955354625,-0.31073506851872357,-0.22784221622754294,1.4209572629660134,0.7184456067332354,0.5769901500523343,-1.0743348495276497,-0.4661084742855366
-0.2532770177085789,0.16063349338323357,-0.13631339596025,-0.0776174035144261,0.04966235017190107,-0.07889128682599711,-0.04979870193774279,0.2214795388660459,0.6506210632713506,-0.5264173082150778,0.5806982430851513,-0.9290080576539178
2.4393948458168304,2.0044182536047814,2.368200673357261,2.59497326498099,0.9279018058434173,0.7712025793806666,0.3580451621912184,2.371672666462086,0.6845333350022937,-0.5264173082150778,-2.4535290933716505,-1.051901752353488
-0.8225606450483176,0.07282877673581127,0.020218733372094455,-0.30599697260612446,1.116095974915885,1.1576088822018773,1.4780630834793804,-0.41397272564687326,1.0066999164462453,-0.5264173082150778,0.8565370918539514,-0.8225001889142903
0.23063913186658241,-0.036515677325900074,0.33328299203678335,0.41387341968401126,0.04966235017190107,-0.23345380795448142,0.5940563322963026,0.14758974066686925,0.4980158404821102,-0.5264173082150778,-0.9364154251432496,-1.0600946653334595
0.6391392477337086,-0.4760649916849033,-0.29284552529259444,0.559796470394681,-1.1422340539537281,-0.46529758964720785,-0.6543185411542739,-0.6947539588037445,-0.6550013983699308,0.5769901500523343,0.029020545547550916,0.734153277280266
-0.012167942989676966,-0.3260487589470432,-0.29284552529259444,0.10603575106150287,-0.3894573776638571,-0.8517038924684186,-1.076654319237056,0.060153479464510225,-1.3502029688542487,1.6803976083197465,0.9944565162383515,1.5616374882573723
0.3448634969348222,0.36303235601965606,0.6463472507014723,0.7516952768087117,-0.013069039518921521,-0.7744226319041765,-0.0891338969552567,1.0034799031406654,-0.1632734582712663,0.025286420918628226,-0.5226571519900494,-0.08513802071686893
-0.8067056989804782,-0.04322065395291581,-0.4493776546249389,-0.4276828042775221,1.3670215336791753,0.6939213188164244,2.438669951275512,0.026903070274880737,-0.29892254519503514,0.5769901500523343,-0.24681830322124923,1.0045194056193207
1.233692346442739,1.7307028213900986,0.9594115093661612,1.5262868131153486,1.116095974915885,0.9257651005091508,0.7306943781466141,1.4000218201429133,1.3458226337556694,-0.5264173082150778,-0.6605765763744494,-0.43333682236565113
-1.2748298396094555,-1.6620610676297,-1.54510255995135,-1.5905695816875502,-0.1385318189005667,-0.6971413713399344,-0.6356860803565041,-1.7008867109491999,-0.824562757024642,0.025286420918628226,0.16693996993195098,0.6849957994004383
-0.49004386508235775,0.6280770343689476,1.27247576803085,1.2899114604230657,2.5589179378048046,3.012359135743689,2.728508230351931,-0.15905292185971381,0.0910685797108021,1.1286938791860404,-0.1778585910290492,0.9389761017795498
1.49886032954957,1.4305941629981622,0.8028793800338166,0.8788782097055112,0.48878207800765916,1.1576088822018773,0.7534673857883329,1.5379494434480432,0.9897437805807746,-1.62982476648249,-0.1778585910290492,-1.8630001373706517
0.6839947513622311,0.2505716116847069,0.33328299203678335,0.1807463540794651,0.11239373986272365,-0.6971413713399344,0.22140711634090654,0.6327994155081292,1.4306033130830251,-1.62982476648249,-0.5916168641822495,-0.0073053474071413165
-0.8260590809141407,-1.5979066321757518,-1.3885704306190056,-1.1385579400169998,-1.2049654436445507,-1.9336415403678089,-1.4927792770539146,-1.3326692165899696,-1.5367204633744325,2.7838050665871585,1.2702953650071516,1.5124800103775444
0.7697459285443502,0.2511354392647058,-0.29284552529259444,0.9728286670123812,0.36331929862601403,-0.15617254739023925,-0.24854495044728708,0.19192361958637524,-0.061536643078439084,0.025286420918628226,-1.3501736982964498,-0.347311236075952
0.16763126020523222,0.8529604265807385,0.1767508627044389,0.2659514230731951,1.3042901439883527,1.930421487844299,1.264824921016015,0.20916457249951645,-0.1632734582712663,0.5769901500523343,-0.1778585910290492,0.23848204199199977
-1.645624542917253,-0.44246391563360754,-1.7016346892836944,-0.7550101954264555,-0.3894573776638571,0.30751501599521364,-0.3230747936383665,-1.4632078600751817,-1.044992523275768,0.5769901500523343,0.7186176674695514,0.17703519464221448
-0.5970439166827609,-0.5627572917555707,0.1767508627044389,-1.1780371215448868,0.36331929862601403,1.6212964455873302,1.4470089821497638,-0.8733209711184213,-0.46848390384974714,0.5769901500523343,0.9944565162383515,0.3777615626515127
-1.6320531292427256,-1.9404166484419427,-1.7016346892836944,-1.418910102512499,-2.3968618477701797,-1.7790790192393244,-2.2442885292306296,-1.585126027103823,-0.875431164621056,0.5769901500523343,0.09798025773975096,0.2958324328517987
0.1995052229063313,0.8634674297269372,0.9594115093661612,0.5795360611586241,1.116095974915885,0.6939213188164244,0.6147590665160467,0.9529885410378947,1.193217410966429,-1.078121037348784,-1.1432945617198498,-0.5234588651453359
0.5315380381092148,0.9102422609919947,0.6463472507014723,0.3556541203422541,0.6142448573893043,-0.07889128682599711,0.7451862921004351,0.12295980793381037,0.10802471557627293,0.025286420918628226,0.09798025773975096,0.6890922558904239
-1.527616137665608,-0.8546523537794128,-1.0755061719543166,-1.368936455008845,-0.2012632085913893,0.2302337554309715,-0.1657340135683105,-0.5777617783217148,0.7354017425987062,-0.5264173082150778,0.09798025773975096,-0.8306931018942615
1.4965004045120411,1.1180889171378674,1.4290078973631946,0.31217704701407556,1.2415587542975302,0.3847962765594558,0.9874082824714424,1.230075284284807,0.5488842480785241,0.025286420918628226,-0.7984960007588495,-0.5521340605752357
0.09077418343584041,0.9704651419691924,0.8028793800338166,0.23371842043333843,2.2452609893506916,2.2395465301012676,1.3290033970972224,-0.007578835551401698,-0.7397820776972863,1.6803976083197465,-0.7984960007588495,0.8611434284698222
-0.13620919688884958,0.10028870374009019,0.020218733372094455,0.2024848907435547,0.6769762470801269,0.8484838399449087,0.552650863856814,-0.24033169987880812,-0.6380452625044591,-0.5264173082150778,-0.6605765763744494,-0.08104156422688298
0.023217911099805595,-0.28693893505332374,0.1767508627044389,0.670238231377756,-2.083204899316067,-1.4699539769823557,-1.751563454800717,-0.0494497211976018,-0.5193523114461611,0.025286420918628226,0.5806982430851513,0.42691904053134044
0.2388066340610232,0.25544033903091495,0.4898151213691278,-0.06387465045092097,0.11239373986272365,0.30751501599521364,0.40773172431860455,0.9246641183948769,0.6506210632713506,-1.62982476648249,-0.1778585910290492,-0.6381596468649349
