Customer_ID,Age,Annual_Income,Website_Visits_Last_Month,Avg_Session_Minutes,Purchases_Last_6M,Total_Spend_Last_6M,Satisfaction_Score,Membership_Type,Region,Preferred_Device,Marketing_Channel
C001,-0.4747655772120408,-0.2972241141641366,-0.10413453794664511,-0.08046072274354472,0.676692898242872,-0.014287146938978985,4.0,Basic,West,Desktop,Referral
C002,-1.1835913223497687,-0.24746420905197214,0.3055751195483524,0.1315424162426031,-0.3016582799395935,-0.5111889821845015,4.0,Silver,South,Mobile,Email
C003,1.0314891312056311,0.26541527187172986,-0.9235538529366402,-0.07571943848506855,-1.6061265175162143,-0.7524366682671535,3.0,Basic,East,Tablet,Search
C004,1.3859020037744951,0.08703762076981054,-0.7186990241891414,-0.1752864079130676,0.35057583884871685,0.2929870554146234,3.0,Platinum,West,Desktop,Search
C005,-0.031749486500960815,0.14089668922650167,0.7152847770433499,-0.6284177177588595,1.0028099576370273,-0.06321880129488325,5.0,Silver,South,Mobile,Search
C006,-0.031749486500960815,0.32564889188502105,-0.7186990241891414,-0.24843765075812815,0.024458779454561697,-0.0013390353930772504,4.0,Gold,East,Mobile,Search
C007,0.4112666042101192,0.10255788615115806,-0.7186990241891414,-0.3507139254766852,-1.6061265175162143,-0.4658775806789627,4.0,Silver,East,Desktop,Social Media
C008,-0.4747655772120408,1.1263952355646891,-2.3575376541691315,-0.47127801090650717,-2.2583606363045243,-0.6481808410087537,5.0,Basic,East,Tablet,Email
C009,-1.8038138493452807,-0.5266979668866405,-0.3089893666941439,-0.08046072274354472,0.35057583884871685,0.261196855674542,4.0,Platinum,East,Tablet,Email
C010,1.0314891312056311,-0.24310764333089227,2.5589782357708386,0.27513559664216647,1.3289270170311824,0.055163932839073865,3.0,Gold,West,Desktop,Search
C011,-0.2975591409276088,-0.08953760373799562,-0.3089893666941439,-0.5186908534912686,0.676692898242872,-0.1110555271825301,4.0,Gold,West,Desktop,Email
C012,0.7656794767789832,0.5959440777126618,1.7395589207808437,-0.07097815422659239,1.0028099576370273,0.10356908967619906,5.0,Basic,West,Mobile,Social Media
C013,-0.3861623590698248,-0.799950718220046,-1.128408681684139,-0.49566175852152733,-0.6277753393337486,-0.1665381152676672,3.0,Gold,South,Mobile,Social Media
C014,1.2086955674900632,-0.3855677815801375,0.3055751195483524,-0.18476897643001994,-0.3016582799395935,-0.3498570964743947,2.0,Basic,North,Desktop,Search
C015,0.3226633860679032,-0.9072501797986736,0.7152847770433499,0.1044493633370252,1.3289270170311824,0.5261835228030264,3.0,Platinum,West,Mobile,Social Media
C016,1.1200923493478472,0.3899480055480858,-0.5138441954416426,-0.4841472110366567,-0.6277753393337486,-0.3461157026020094,4.0,Basic,South,Desktop,Social Media
C017,0.5884730404945512,-0.24143318597517016,0.20314770517460304,-0.6798945182794577,0.35057583884871685,-0.15598952781177605,4.0,Silver,North,Mobile,Email
C018,-0.5633687953542568,0.13389900433367613,0.5104299482958512,-0.04523975396629325,1.3289270170311824,-0.08554136423709774,4.0,Basic,West,Desktop,Social Media
C019,-0.031749486500960815,-0.37999056743261483,-0.9235538529366402,-0.5085309586516769,-0.9538923987279039,-0.15684217423599336,4.0,Gold,West,Mobile,Email
C020,0.4112666042101192,-1.0325441413564012,-0.7186990241891414,0.08887085791631782,-0.3016582799395935,-0.42612468837610845,5.0,Basic,North,Mobile,Email
C021,-0.031749486500960815,0.264872409039662,0.7152847770433499,-0.513272242910153,1.3289270170311824,0.570218284307278,3.0,Silver,East,Tablet,Referral
C022,-0.12035270464317681,-0.9291152307745932,0.3055751195483524,-0.07910607009826573,-0.3016582799395935,-0.2905119734948525,5.0,Basic,West,Mobile,Social Media
C023,-0.2975591409276088,0.5281496593609665,-0.5138441954416426,0.6930459377107069,0.024458779454561697,0.08906944119442668,2.0,Gold,East,Mobile,Email
C024,1.297298785632279,-1.314351191006719,-0.3089893666941439,0.048231278557950744,-0.3016582799395935,-0.11674449594739006,4.0,Basic,West,Mobile,Email
C025,-0.7405752316386888,0.18380188365689307,1.7395589207808437,-0.3439406622502906,0.676692898242872,0.1975605449534469,3.0,Silver,West,Mobile,Search
C026,-1.5380041949186327,-0.10378757009230402,0.3055751195483524,-0.5952287279495265,0.676692898242872,-0.2518260540397893,3.0,Basic,North,Tablet,Search
C027,-0.20895592278539282,0.18535703318120791,-0.3089893666941439,-0.4414756527103714,1.3289270170311824,0.2994308259320691,4.0,Silver,North,Mobile,Email
C028,-0.5633687953542568,0.46827933047439385,-2.3575376541691315,-0.3114289987635971,-1.280009458122059,-0.27804842603703084,3.0,Silver,North,Desktop,Referral
C029,-0.031749486500960815,1.413570649661743,0.9201396057908487,0.23110938567060213,0.024458779454561697,0.027977091935750383,4.0,Gold,South,Mobile,Email
C030,-1.6266074130608488,-0.567584687514921,-0.10413453794664511,-0.2741760510184273,-0.9538923987279039,-0.3154856611112729,3.0,Silver,South,Mobile,Email
C031,1.0314891312056311,-0.20586408126820105,0.5104299482958512,0.6476650740938639,0.676692898242872,0.324367239387868,4.0,Gold,West,Desktop,Referral
C032,-0.12035270464317681,8.371785632854916,-2.3575376541691315,0.6036388631222994,-1.9322435769103694,-0.6105013238904718,2.0,Gold,West,Desktop,Email
C033,0.3226633860679032,0.4512368533135987,-0.3089893666941439,0.2758129229648058,0.676692898242872,-0.15985206270618135,4.0,Silver,North,Tablet,Email
C034,0.05685373164125518,1.1145879079713903,0.5104299482958512,0.08412957365784166,-1.280009458122059,-0.14600937130536326,4.0,Silver,South,Mobile,Email
C035,-1.0063848860653368,0.11515937937069509,-1.3332635104316377,0.2758129229648058,-0.3016582799395935,-0.4520162521978338,4.0,Basic,West,Desktop,Email
C036,-0.20895592278539282,-0.11112853948163283,0.9201396057908487,0.09903075275590947,0.024458779454561697,-0.4248387298346659,4.0,Basic,North,Mobile,Email
C037,0.4998698223523352,-0.597807630255027,1.9444137495283424,-0.3405540306370934,1.9811611358194927,-0.23844463037666266,4.0,Silver,North,Mobile,Search
C038,0.3226633860679032,-0.9050814122866508,-0.5138441954416426,0.07938828939936549,-0.6277753393337486,-0.6278477863897131,4.0,Basic,South,Mobile,Email
C039,-0.12035270464317681,-0.1577471596666633,0.7152847770433499,-0.0784287437756263,0.676692898242872,0.05119423473288168,3.0,Silver,West,Desktop,Social Media
C040,-0.9177816679231208,0.6494793803364747,-0.3089893666941439,-0.802490582677198,1.0028099576370273,0.42196496970524827,4.0,Gold,South,Mobile,Email
C041,0.23406016792568718,-0.07528763738368685,0.9201396057908487,-0.5898101173684109,1.0028099576370273,-0.08177201474424617,4.0,Basic,North,Desktop,Social Media
C042,-1.0063848860653368,0.0742136147849493,-0.3089893666941439,-0.0675915226133951,-0.3016582799395935,0.3034424574689606,3.0,Platinum,West,Mobile,Search
C043,-1.0063848860653368,0.45925414439753065,0.3055751195483524,-0.25927487192035936,0.35057583884871685,-0.22180171765915266,4.0,Basic,North,Desktop,Search
C044,-0.031749486500960815,0.7096285821295883,0.9201396057908487,0.4641096406585729,0.35057583884871685,-0.05464108508185513,4.0,Basic,East,Mobile,Search
C045,-0.2975591409276088,-0.6877642712363314,-0.10413453794664511,-0.08046072274354472,0.024458779454561697,-0.41822256632434557,4.0,Silver,East,Mobile,Email
C046,1.4745052219167112,1.4856206246502592,0.3055751195483524,-0.5261414430403026,-0.6277753393337486,-0.1695433444677774,3.0,Basic,East,Tablet,Search
C047,0.05685373164125518,-0.4144673589264746,0.3055751195483524,0.27445827031952696,0.35057583884871685,0.08500655768668056,3.0,Gold,South,Tablet,Social Media
C048,-1.1835913223497687,0.7276250339750507,-0.9235538529366402,-0.10281249139064658,0.024458779454561697,-0.2695499174153236,4.0,Silver,West,Mobile,Email
C049,-0.2975591409276088,1.036586936426934,-2.3575376541691315,0.6090574737034152,-1.9322435769103694,0.09807581025460213,4.0,Platinum,East,Desktop,Social Media
C050,-0.7405752316386888,-0.7661795264162267,-1.128408681684139,-0.0174693747380758,-1.280009458122059,-0.5605632671977864,3.0,Basic,West,Mobile,Social Media
C051,2.094727748912223,-0.3730665654949731,0.10072029080085365,-0.4367343684518953,-0.3016582799395935,-0.03814726900683118,3.0,Gold,North,Mobile,Social Media
C052,0.4998698223523352,0.3359874400405454,-0.3089893666941439,-0.42725179993494294,-0.9538923987279039,0.04064564727699053,4.0,Gold,East,Desktop,Search
C053,0.23406016792568718,0.2638549986982133,-0.5138441954416426,-0.06488221732283736,0.024458779454561697,0.06614117314211235,3.0,Gold,North,Mobile,Social Media
C054,2.892156712192167,-0.08953760373799562,-1.9478279966741339,-0.12042297577927225,-2.2583606363045243,-0.6514236929828263,3.0,Silver,South,Mobile,Social Media
C055,0.23406016792568718,-1.0637920579201106,1.1249944345383476,0.13763835314635814,1.9811611358194927,0.294557229430805,3.0,Silver,South,Tablet,Referral
C056,-0.20895592278539282,-0.03260812750145846,1.1249944345383476,0.20469365908766354,1.3289270170311824,0.555984214219934,4.0,Platinum,West,Tablet,Social Media
C057,-1.0063848860653368,0.4694319075614446,-1.7429731679266351,-0.20102480817336674,0.024458779454561697,0.24994937770699746,3.0,Gold,South,Desktop,Email
C058,-0.12035270464317681,-0.7951266805051495,0.3055751195483524,1.0195172252229217,0.676692898242872,-0.4659241733797395,4.0,Basic,West,Mobile,Social Media
C059,1.917521312627791,-0.2891948678987346,-0.5138441954416426,-0.07707409113034742,0.35057583884871685,0.5884919415519797,4.0,Platinum,North,Tablet,Referral
C060,0.3226633860679032,-0.3968503011052213,-0.3089893666941439,0.3415135762608326,-1.280009458122059,-0.586119363573918,4.0,Basic,East,Desktop,Search
C061,2.0061245307700073,-0.20715402095051252,-0.9235538529366402,0.49526665149998766,-0.9538923987279039,-0.33037202900949364,4.0,Gold,West,Desktop,Email
C062,-1.8924170674874967,0.5949849793787929,0.3055751195483524,-0.44960356858204475,-0.3016582799395935,-0.2995556167156495,4.0,Basic,South,Desktop,Social Media
C063,0.3226633860679032,-0.6076084392276851,1.3298492632858463,-0.3764523257369842,-0.3016582799395935,-0.19084086799290012,2.0,Gold,North,Mobile,Email
C064,0.3226633860679032,-0.451666516029419,-0.5138441954416426,-0.45637683180843924,-0.3016582799395935,-0.3915435858594905,3.0,Basic,West,Desktop,Search
C065,0.23406016792568718,-0.7452923604879149,0.5104299482958512,-0.3601964939936374,-0.3016582799395935,-0.058415093844784285,3.0,Gold,West,Mobile,Email
C066,0.4998698223523352,-0.34771474924575857,-0.10413453794664511,-0.7794614877074567,1.0028099576370273,0.34481677575885095,2.0,Gold,West,Mobile,Social Media
C067,1.7403148763433591,0.36408699616155654,-1.5381183391791364,0.9538165719268951,-1.6061265175162143,-0.3715599764962765,3.0,Gold,South,Desktop,Email
C068,0.23406016792568718,-0.8773344120273646,0.20314770517460304,0.6063481684128574,-1.280009458122059,-0.6312117793858054,4.0,Basic,North,Tablet,Search
C069,-1.8924170674874967,-0.023723475802694835,-0.7186990241891414,0.06787374191449473,-0.9538923987279039,0.24203327784500142,3.0,Platinum,North,Desktop,Social Media
C070,0.14545694978347118,0.4505663872180831,0.7152847770433499,-0.30397840921456304,0.024458779454561697,-0.25588427827745763,3.0,Basic,North,Mobile,Social Media
C071,0.8542826949211991,-0.42305630287132096,-1.3332635104316377,-0.16580383939611537,-1.280009458122059,-0.38113943577600795,3.0,Basic,South,Desktop,Social Media
C072,-0.4747655772120408,-0.997385416552146,1.1249944345383476,-0.04659440661157224,0.676692898242872,-0.29228715539445255,2.0,Basic,North,Mobile,Search
C073,-1.3607977586342008,0.8988825205698977,-0.5138441954416426,10.060468979814296,0.024458779454561697,-0.10077717739114517,5.0,Basic,East,Mobile,Referral
C074,0.14545694978347118,-1.314351191006719,-0.5138441954416426,0.002850414941107739,0.676692898242872,-0.4412207234278252,4.0,Basic,East,Desktop,Email
C075,2.094727748912223,-0.3464287132961725,-0.5138441954416426,-0.22269925049782915,-0.6277753393337486,-0.12243346471225001,4.0,Silver,North,Tablet,Search
C076,-1.6266074130608488,-0.0607874661600365,0.3055751195483524,-0.4401210000650924,0.676692898242872,-0.24997166454886854,4.0,Basic,East,Mobile,Search
C077,0.8542826949211991,0.4547902260265136,0.9201396057908487,-0.3784843047049025,0.676692898242872,-0.11674449594739006,5.0,Silver,East,Mobile,Social Media
C078,1.3859020037744951,-0.808573819826236,-0.10413453794664511,0.5961882735732655,0.024458779454561697,-0.27369200851439024,3.0,Silver,North,Mobile,Referral
C079,-1.8924170674874967,0.26747595478392955,0.5104299482958512,-0.28027198792218233,1.3289270170311824,0.23362329535477042,2.0,Basic,East,Tablet,Social Media
C080,-0.9177816679231208,-0.18990757375483705,1.3298492632858463,-0.7936853404828852,1.6550440764253376,0.5659317558358029,3.0,Basic,West,Desktop,Email
C081,-1.7152106312030648,0.20318684443597265,0.5104299482958512,0.3686066291664105,-0.3016582799395935,0.25330871143301226,3.0,Platinum,North,Mobile,Search
C082,-0.7405752316386888,1.2813317036029772,-0.5138441954416426,-0.37306569412378693,-1.6061265175162143,-0.3575821662632053,2.0,Basic,West,Desktop,Search
C083,-1.4494009767764167,0.8076088577605026,-0.7186990241891414,-0.6697346234398659,-0.6277753393337486,-0.004651776418315163,3.0,Silver,North,Mobile,Referral
C084,-0.031749486500960815,-0.29372954142539187,0.7152847770433499,0.13221974256524263,0.35057583884871685,-0.1406698477963303,4.0,Basic,South,Desktop,Search
C085,0.4112666042101192,-0.9612783286790154,-0.9235538529366402,-0.4516355475499631,-1.280009458122059,-0.48300505748455247,5.0,Gold,North,Desktop,Social Media
C086,0.9428859130634152,-0.1898038808543297,0.7152847770433499,0.2121442486366977,0.35057583884871685,-0.40000482032057627,4.0,Basic,West,Desktop,Email
C087,-0.7405752316386888,-0.5977105249034932,-2.152682825421633,-0.39677211541616775,-1.280009458122059,-0.6377766909252712,4.0,Silver,South,Desktop,Search
C088,-0.20895592278539282,-0.5045233011089708,0.3055751195483524,-0.20712074507712178,-0.6277753393337486,0.14929982548873008,5.0,Platinum,West,Mobile,Social Media
C089,0.5884730404945512,-0.08953760373799562,0.3055751195483524,0.15118487959914706,1.0028099576370273,0.29896955819437787,3.0,Gold,East,Mobile,Search
C090,-0.20895592278539282,-0.2218081456335043,2.5589782357708386,0.6408918108674693,2.959512314001958,0.6684543346253018,5.0,Gold,East,Tablet,Social Media
C091,0.4112666042101192,0.5969963776653399,0.5104299482958512,0.3618333659400159,1.0028099576370273,0.13751187219217337,3.0,Basic,North,Mobile,Search
C092,-0.031749486500960815,0.083130228295399,1.3298492632858463,-0.29991445127872646,-0.6277753393337486,0.06512545226517572,2.0,Platinum,South,Mobile,Social Media
C093,-0.9177816679231208,-1.314351191006719,-0.5138441954416426,-0.44418495800092916,0.024458779454561697,-0.2380532516901366,5.0,Silver,North,Mobile,Search
C094,0.14545694978347118,0.08303458684363699,-0.9235538529366402,-0.16241720778291807,-0.6277753393337486,-0.14968087612658332,5.0,Silver,South,Mobile,Search
C095,-0.3861623590698248,-1.0332834107411948,-0.7186990241891414,-0.6826038235700155,-0.6277753393337486,-0.387909355198892,5.0,Gold,South,Mobile,Email
C096,0.23406016792568718,0.29330280650911533,0.3055751195483524,-0.30330108289192365,0.024458779454561697,10.275142388690726,3.0,Basic,West,Desktop,Email
C097,0.14545694978347118,-1.0188659498546548,-0.5138441954416426,0.13425172153316084,1.3289270170311824,-0.3245106672517591,3.0,Basic,South,Mobile,Email
C098,-0.6519720134964728,0.618357359153146,0.3055751195483524,-0.26943476675995115,0.35057583884871685,0.13006169933794656,5.0,Gold,North,Desktop,Email
C099,0.3226633860679032,-1.0154379845555301,1.7395589207808437,0.03400742578252224,1.9811611358194927,0.4531634421454628,4.0,Platinum,South,Mobile,Social Media
C100,-1.8924170674874967,-0.8556447850407738,0.3055751195483524,0.1477982479859498,0.35057583884871685,0.3451755395548331,3.0,Platinum,West,Mobile,Search
C101,-0.12035270464317681,1.3534402345823686,0.5104299482958512,0.1945337642480719,-0.3016582799395935,-0.3162730777544026,4.0,Silver,North,Desktop,Email
C102,-0.5633687953542568,-0.5355833505352903,-0.3089893666941439,-0.2619841772109172,0.024458779454561697,-0.0648076123913756,3.0,Silver,East,Desktop,Email
C103,2.892156712192167,0.4515447602322819,0.9201396057908487,0.18234189044056182,2.307278195213648,0.8754657041770848,4.0,Platinum,East,Mobile,Social Media
C104,0.14545694978347118,-0.5987347667772103,0.9201396057908487,-0.08046072274354472,-0.6277753393337486,-0.017585910153983732,4.0,Gold,West,Mobile,Referral
C105,1.651711658201143,-0.6134901445277564,0.9201396057908487,-0.13803346016789791,-0.3016582799395935,-0.09667236045269997,2.0,Gold,West,Mobile,Social Media
C106,-0.2975591409276088,0.2441877492464587,0.3055751195483524,-0.6040339701438393,1.0028099576370273,0.3693897661485901,5.0,Gold,East,Mobile,Social Media
C107,-1.8924170674874967,1.0636368764115156,0.5104299482958512,-0.24776032443548873,-0.3016582799395935,-0.06314425297364006,4.0,Silver,East,Mobile,Social Media
C108,-0.9177816679231208,1.0162343378986494,-0.3089893666941439,0.38757176620031514,0.024458779454561697,0.5409347718689941,2.0,Platinum,East,Desktop,Social Media
C109,0.3226633860679032,0.8695791508698204,-2.3575376541691315,-0.2599521982429988,-1.9322435769103694,-0.4629282627197847,4.0,Silver,East,Desktop,Email
C110,-0.5633687953542568,-0.16340757211788726,-0.10413453794664511,0.22704542773476552,-1.280009458122059,-0.42581251728090314,5.0,Silver,East,Desktop,Email
C111,0.14545694978347118,0.04952567708227718,0.7152847770433499,0.14373429005011315,0.024458779454561697,0.0815400607488789,5.0,Gold,East,Desktop,Search
C112,-0.4747655772120408,0.24918428315114055,1.1249944345383476,0.43227530349451887,1.0028099576370273,0.31861770011199797,4.0,Gold,South,Mobile,Search
C113,0.14545694978347118,-1.1453300552966958,-0.9235538529366402,0.6849180218390334,-0.6277753393337486,-0.4141363864662111,2.0,Basic,East,Desktop,Search
C114,-0.031749486500960815,-0.4205918276053809,0.5104299482958512,-0.6182578229192678,-0.3016582799395935,-0.48232946332328736,3.0,Basic,West,Mobile,Social Media
C115,2.094727748912223,-0.08953760373799562,0.5104299482958512,-0.8458394673261228,0.35057583884871685,-0.04238720477752958,2.0,Silver,South,Tablet,Social Media
C116,-0.20895592278539282,-0.049074316118727916,1.1249944345383476,-0.01476006944751806,1.0028099576370273,0.15998819104695183,4.0,Basic,South,Mobile,Social Media
C117,-0.7405752316386888,0.2067187466189,-1.9478279966741339,-0.19425154494697225,-1.6061265175162143,-0.3348728839045425,5.0,Gold,South,Mobile,Email
C118,-1.0949881042075529,0.7000902991826853,-0.10413453794664511,0.16947269031041218,0.35057583884871685,-0.1492056305786589,4.0,Basic,West,Mobile,Email
C119,1.7403148763433591,-0.5171155229632862,0.9201396057908487,0.08142026836728392,0.35057583884871685,-0.2830757784508587,4.0,Silver,West,Mobile,Email
C120,-0.2975591409276088,-1.0211691521623942,0.9201396057908487,0.27107163870632967,0.35057583884871685,0.45742201499647195,2.0,Platinum,South,Mobile,Email
