Observation_ID,Advertising_Spend,Website_Visits,Discount_Rate_Pct,Sales_Staff_Hours,Customer_Count,Actual_Sales_Revenue,Predicted_Sales_Revenue,Residual
OBS0025,52751.00,48212.00,11.72,616.00,1326.00,356769.99,353350.31,3419.68
OBS0007,8114.51,28425.00,10.82,506.00,1078.00,166712.11,204688.29,-37976.18
OBS0094,27694.85,25674.00,14.95,637.00,1387.00,251671.79,270068.87,-18397.08
OBS0110,49447.14,62775.00,18.03,569.00,1625.00,386523.19,381822.15,4701.04
OBS0105,30958.75,33530.00,11.60,561.00,1220.00,257671.70,273802.67,-16130.97
OBS0173,50419.79,44015.00,23.46,788.00,1494.00,363335.87,353608.12,9727.75
OBS0234,48487.82,37381.00,5.60,783.00,1326.00,336699.41,348163.99,-11464.58
OBS0087,12963.83,26232.00,9.24,701.00,1548.00,284317.80,265984.57,18333.23
OBS0010,56132.50,39645.00,7.26,555.00,1209.00,347405.69,338754.40,8651.29
OBS0144,33249.12,31006.00,8.87,582.00,1354.00,288091.13,290572.28,-2481.15
OBS0046,28176.47,43730.00,8.25,678.00,1679.00,296167.03,334114.34,-37947.31
OBS0207,28769.79,32347.00,7.96,573.00,1206.00,256330.17,271899.69,-15569.52
OBS0115,28752.37,38258.00,11.40,681.00,1304.00,264186.02,292509.22,-28323.20
OBS0169,18649.24,39116.00,10.29,675.00,1252.00,282224.42,269925.91,12298.51
OBS0114,47393.12,54040.00,5.37,710.00,1549.00,385426.10,384567.00,859.10
OBS0231,42203.83,46628.00,14.06,486.00,1423.00,328361.58,324733.84,3627.74
OBS0186,19626.13,50349.00,13.02,253.00,1771.00,281247.03,296876.37,-15629.34
OBS0016,40935.17,49273.00,3.65,560.00,1514.00,341901.11,352342.97,-10441.86
OBS0153,64227.83,32301.00,10.06,613.00,1409.00,384607.54,361060.71,23546.83
OBS0126,60545.87,49796.00,5.60,445.00,1242.00,421471.22,360012.98,61458.24
OBS0128,48191.39,55605.00,5.24,925.00,1499.00,370568.07,400544.80,-29976.73
OBS0020,21909.23,44247.00,3.60,852.00,1496.00,316996.53,325939.03,-8942.50
OBS0236,39501.64,35513.00,9.06,497.00,1211.00,332323.97,292060.41,40263.56
OBS0031,19753.85,33455.00,12.41,659.00,984.00,240227.45,237752.57,2474.88
OBS0177,62459.73,56795.00,11.62,1018.00,1510.00,447159.97,431131.85,16028.12
OBS0151,52490.84,48834.00,7.69,912.00,1446.00,416263.84,390539.62,25724.22
OBS0011,12643.71,38309.00,5.95,914.00,1703.00,298370.23,316397.48,-18027.25
OBS0202,38813.12,29274.00,8.81,562.00,1087.00,284806.19,276087.59,8718.60
OBS0238,24956.69,42260.00,13.37,884.00,1388.00,278767.49,310219.11,-31451.62
OBS0154,48501.35,53786.00,10.56,557.00,1536.00,398309.03,367479.56,30829.47
OBS0097,14428.23,34818.00,7.41,1060.00,1160.00,270099.16,279289.68,-9190.52
OBS0229,53191.02,29741.00,11.23,732.00,1495.00,360336.62,348914.42,11422.20
OBS0026,41764.68,47661.00,12.41,495.00,1429.00,298849.39,328675.78,-29826.39
OBS0183,39034.56,49967.00,9.25,510.00,1546.00,345524.08,341316.32,4207.76
OBS0019,54119.95,47931.00,17.18,648.00,1712.00,376085.35,382622.85,-6537.50
OBS0070,19536.54,44742.00,6.50,679.00,1311.00,310536.28,290297.23,20239.05
OBS0193,23578.63,23594.00,7.17,819.00,1354.00,251667.06,279122.77,-27455.71
OBS0056,18412.09,33902.00,10.72,890.00,1200.00,247767.44,272523.56,-24756.12
OBS0080,35210.53,35761.00,7.59,829.00,1443.00,363422.26,328983.43,34438.83
OBS0176,25893.06,28328.00,2.70,859.00,954.00,275217.19,267104.12,8113.07
OBS0228,56071.78,54742.00,8.20,583.00,1527.00,398075.96,388589.64,9486.32
OBS0113,50525.16,47418.00,7.55,815.00,1409.00,349499.60,374357.74,-24858.14
OBS0222,30780.74,29675.00,16.21,742.00,1522.00,319423.17,299661.16,19762.01
OBS0017,53247.11,45299.00,13.88,563.00,1103.00,332878.29,325037.78,7840.51
OBS0157,7325.69,31625.00,6.55,420.00,1249.00,216632.69,221030.25,-4397.56
OBS0067,48305.70,43834.00,11.46,760.00,1483.00,370290.61,361334.54,8956.07
OBS0166,10009.26,37903.00,12.79,734.00,1199.00,221953.07,247272.33,-25319.26
OBS0039,46049.15,58081.00,8.76,668.00,1569.00,363506.16,382232.24,-18726.08
